{"textures":{"0":"modelengine:entity/zebra"},"elements":[{"name":"upperbody","from":[6.41912,6.976102,6.0870237],"to":[9.482096,9.562294,8.931216],"rotation":{"angle":0.0,"axis":"x","origin":[7.9913816,3.399028,10.892368]},"faces":{"down":{"uv":[6.25,3.125,5.625,3.75],"rotation":0,"texture":"#0","tintindex":0},"east":{"uv":[2.0,6.25,2.625,6.75],"rotation":0,"texture":"#0","tintindex":0},"north":{"uv":[6.25,1.875,6.875,2.375],"rotation":0,"texture":"#0","tintindex":0},"south":{"uv":[6.25,2.375,6.875,2.875],"rotation":0,"texture":"#0","tintindex":0},"up":{"uv":[6.25,3.125,5.625,2.5],"rotation":0,"texture":"#0","tintindex":0},"west":{"uv":[6.25,2.875,6.875,3.375],"rotation":0,"texture":"#0","tintindex":0}}},{"name":"upperbody","from":[6.2003355,8.487982,6.743376],"to":[9.70088,9.253725,8.274864],"rotation":{"angle":0.0,"axis":"x","origin":[7.9913816,3.399028,10.892368]},"faces":{"down":{"uv":[2.125,6.75,1.375,7.125],"rotation":0,"texture":"#0","tintindex":0},"east":{"uv":[7.25,5.875,7.625,6.0],"rotation":0,"texture":"#0","tintindex":0},"north":{"uv":[7.625,1.375,8.375,1.5],"rotation":0,"texture":"#0","tintindex":0},"south":{"uv":[7.875,0.875,8.625,1.0],"rotation":0,"texture":"#0","tintindex":0},"up":{"uv":[7.0,5.5,6.25,5.125],"rotation":0,"texture":"#0","tintindex":0},"west":{"uv":[7.875,6.0,8.25,6.125],"rotation":0,"texture":"#0","tintindex":0}}},{"name":"upperbody","from":[6.050336,9.124725,5.8682394],"to":[7.184864,9.671686,8.274864],"rotation":{"angle":0.0,"axis":"x","origin":[7.9913816,3.399028,10.892368]},"faces":{"down":{"uv":[7.875,0.375,7.625,0.875],"rotation":0,"texture":"#0","tintindex":0},"east":{"uv":[1.25,2.75,1.75,2.875],"rotation":0,"texture":"#0","tintindex":0},"north":{"uv":[8.0,4.75,8.25,4.875],"rotation":0,"texture":"#0","tintindex":0},"south":{"uv":[4.875,8.0,5.125,8.125],"rotation":0,"texture":"#0","tintindex":0},"up":{"uv":[7.25,8.0,7.0,7.5],"rotation":0,"texture":"#0","tintindex":0},"west":{"uv":[4.625,3.625,5.125,3.75],"rotation":0,"texture":"#0","tintindex":0}}},{"name":"upperbody","from":[6.14564,8.974726,5.758848],"to":[7.130168,9.253725,6.743376],"rotation":{"angle":0.0,"axis":"x","origin":[7.9913816,3.399028,10.892368]},"faces":{"down":{"uv":[6.375,7.875,6.125,8.125],"rotation":0,"texture":"#0","tintindex":0},"east":{"uv":[8.0,6.25,8.25,6.375],"rotation":0,"texture":"#0","tintindex":0},"north":{"uv":[8.0,6.125,8.25,6.25],"rotation":0,"texture":"#0","tintindex":0},"south":{"uv":[6.625,8.0,6.875,8.125],"rotation":0,"texture":"#0","tintindex":0},"up":{"uv":[8.125,6.0,7.875,5.75],"rotation":0,"texture":"#0","tintindex":0},"west":{"uv":[6.875,8.0,7.125,8.125],"rotation":0,"texture":"#0","tintindex":0}}},{"name":"upperbody","from":[8.771048,8.974726,5.758848],"to":[9.755577,9.253725,6.743376],"rotation":{"angle":0.0,"axis":"x","origin":[7.9913816,3.399028,10.892368]},"faces":{"down":{"uv":[7.875,7.875,7.625,8.125],"rotation":0,"texture":"#0","tintindex":0},"east":{"uv":[8.0,7.0,8.25,7.125],"rotation":0,"texture":"#0","tintindex":0},"north":{"uv":[8.0,6.875,8.25,7.0],"rotation":0,"texture":"#0","tintindex":0},"south":{"uv":[7.125,8.0,7.375,8.125],"rotation":0,"texture":"#0","tintindex":0},"up":{"uv":[6.625,8.125,6.375,7.875],"rotation":0,"texture":"#0","tintindex":0},"west":{"uv":[8.0,7.125,8.25,7.25],"rotation":0,"texture":"#0","tintindex":0}}},{"name":"upperbody","from":[6.2003355,6.3001413,5.8682394],"to":[7.184864,8.487982,8.274864],"rotation":{"angle":0.0,"axis":"x","origin":[7.9913816,3.399028,10.892368]},"faces":{"down":{"uv":[7.875,5.625,7.625,6.125],"rotation":0,"texture":"#0","tintindex":0},"east":{"uv":[1.25,2.25,1.75,2.75],"rotation":0,"texture":"#0","tintindex":0},"north":{"uv":[1.5,7.625,1.75,8.125],"rotation":0,"texture":"#0","tintindex":0},"south":{"uv":[1.75,7.625,2.0,8.125],"rotation":0,"texture":"#0","tintindex":0},"up":{"uv":[3.125,8.125,2.875,7.625],"rotation":0,"texture":"#0","tintindex":0},"west":{"uv":[4.625,3.125,5.125,3.625],"rotation":0,"texture":"#0","tintindex":0}}},{"name":"upperbody","from":[8.716352,9.124725,5.8682394],"to":[9.85088,9.671686,8.274864],"rotation":{"angle":0.0,"axis":"x","origin":[7.9913816,3.399028,10.892368]},"faces":{"down":{"uv":[1.5,7.625,1.25,8.125],"rotation":0,"texture":"#0","tintindex":0},"east":{"uv":[6.375,0.75,6.875,0.875],"rotation":0,"texture":"#0","tintindex":0},"north":{"uv":[5.125,8.0,5.375,8.125],"rotation":0,"texture":"#0","tintindex":0},"south":{"uv":[5.375,8.0,5.625,8.125],"rotation":0,"texture":"#0","tintindex":0},"up":{"uv":[7.875,1.375,7.625,0.875],"rotation":0,"texture":"#0","tintindex":0},"west":{"uv":[7.875,5.625,8.375,5.75],"rotation":0,"texture":"#0","tintindex":0}}},{"name":"upperbody","from":[8.825744,6.3001413,5.8682394],"to":[9.70088,8.487982,8.274864],"rotation":{"angle":0.0,"axis":"x","origin":[7.9913816,3.399028,10.892368]},"faces":{"down":{"uv":[6.125,7.875,6.0,8.375],"rotation":0,"texture":"#0","tintindex":0},"east":{"uv":[2.125,6.75,2.625,7.25],"rotation":0,"texture":"#0","tintindex":0},"north":{"uv":[4.75,7.875,4.875,8.375],"rotation":0,"texture":"#0","tintindex":0},"south":{"uv":[5.75,7.875,5.875,8.375],"rotation":0,"texture":"#0","tintindex":0},"up":{"uv":[6.0,8.375,5.875,7.875],"rotation":0,"texture":"#0","tintindex":0},"west":{"uv":[6.75,5.5,7.25,6.0],"rotation":0,"texture":"#0","tintindex":0}}},{"name":"upperbody","from":[6.609728,8.616981,5.977632],"to":[6.856688,8.932726,6.1433754],"rotation":{"angle":0.0,"axis":"x","origin":[7.9913816,3.399028,10.892368]},"faces":{"down":{"uv":[2.375,5.25,2.25,5.375],"rotation":0,"texture":"#0","tintindex":0},"east":{"uv":[4.5,1.75,4.625,1.875],"rotation":0,"texture":"#0","tintindex":0},"north":{"uv":[1.75,3.75,1.875,3.875],"rotation":0,"texture":"#0","tintindex":0},"south":{"uv":[4.5,1.875,4.625,2.0],"rotation":0,"texture":"#0","tintindex":0},"up":{"uv":[5.25,4.625,5.125,4.5],"rotation":0,"texture":"#0","tintindex":0},"west":{"uv":[5.125,4.375,5.25,4.5],"rotation":0,"texture":"#0","tintindex":0}}},{"name":"upperbody","from":[9.044528,8.616981,5.977632],"to":[9.291489,8.932726,6.1433754],"rotation":{"angle":0.0,"axis":"x","origin":[7.9913816,3.399028,10.892368]},"faces":{"down":{"uv":[4.75,6.0,4.625,6.125],"rotation":0,"texture":"#0","tintindex":0},"east":{"uv":[3.5,5.375,3.625,5.5],"rotation":0,"texture":"#0","tintindex":0},"north":{"uv":[2.25,5.375,2.375,5.5],"rotation":0,"texture":"#0","tintindex":0},"south":{"uv":[2.25,5.5,2.375,5.625],"rotation":0,"texture":"#0","tintindex":0},"up":{"uv":[3.625,5.75,3.5,5.625],"rotation":0,"texture":"#0","tintindex":0},"west":{"uv":[3.5,5.5,3.625,5.625],"rotation":0,"texture":"#0","tintindex":0}}},{"name":"upperbody","from":[5.7741203,9.304294,7.946688],"to":[7.0166483,11.707822,8.384256],"rotation":{"angle":22.5,"axis":"z","origin":[7.950608,10.570557,8.165472]},"faces":{"down":{"uv":[5.25,6.25,5.0,6.375],"rotation":0,"texture":"#0","tintindex":0},"east":{"uv":[1.625,4.75,1.75,5.25],"rotation":0,"texture":"#0","tintindex":0},"north":{"uv":[5.125,7.5,5.375,8.0],"rotation":0,"texture":"#0","tintindex":0},"south":{"uv":[7.5,5.125,7.75,5.625],"rotation":0,"texture":"#0","tintindex":0},"up":{"uv":[6.125,5.625,5.875,5.5],"rotation":0,"texture":"#0","tintindex":0},"west":{"uv":[0.625,7.875,0.75,8.375],"rotation":0,"texture":"#0","tintindex":0}}},{"name":"upperbody","from":[8.884568,9.304294,7.946688],"to":[10.127096,11.707822,8.384256],"rotation":{"angle":-22.5,"axis":"z","origin":[7.950608,10.570557,8.165472]},"faces":{"down":{"uv":[8.25,4.625,8.0,4.75],"rotation":0,"texture":"#0","tintindex":0},"east":{"uv":[2.75,7.875,2.875,8.375],"rotation":0,"texture":"#0","tintindex":0},"north":{"uv":[7.5,6.375,7.75,6.875],"rotation":0,"texture":"#0","tintindex":0},"south":{"uv":[6.75,7.5,7.0,8.0],"rotation":0,"texture":"#0","tintindex":0},"up":{"uv":[8.25,4.625,8.0,4.5],"rotation":0,"texture":"#0","tintindex":0},"west":{"uv":[4.625,7.875,4.75,8.375],"rotation":0,"texture":"#0","tintindex":0}}},{"name":"upperbody","from":[7.184864,8.135355,6.2183027],