{"textures":{"0":"modelengine:entity/zebra"},"elements":[{"name":"leg3","from":[5.919632,2.5244346,1.5233625],"to":[7.669904,5.9155865,3.1642427],"rotation":{"angle":-45.0,"axis":"x","origin":[9.023382,13.911166,0.60630274]},"faces":{"down":{"uv":[7.75,4.75,7.375,5.125],"rotation":0,"texture":"#0","tintindex":0},"east":{"uv":[6.25,4.375,6.625,5.125],"rotation":0,"texture":"#0","tintindex":0},"north":{"uv":[0.625,6.25,1.0,7.0],"rotation":0,"texture":"#0","tintindex":0},"south":{"uv":[4.625,6.25,5.0,7.0],"rotation":0,"texture":"#0","tintindex":0},"up":{"uv":[7.75,4.75,7.375,4.375],"rotation":0,"texture":"#0","tintindex":0},"west":{"uv":[6.375,0.0,6.75,0.75],"rotation":0,"texture":"#0","tintindex":0}}},{"name":"leg2","from":[6.138416,4.6074004,8.803346],"to":[7.4511204,7.779769,10.225441],"rotation":{"angle":0.0,"axis":"x","origin":[9.023382,13.911166,0.60630274]},"faces":{"down":{"uv":[2.75,7.875,2.5,8.125],"rotation":0,"texture":"#0","tintindex":0},"east":{"uv":[7.25,2.125,7.5,2.75],"rotation":0,"texture":"#0","tintindex":0},"north":{"uv":[2.0,7.25,2.25,7.875],"rotation":0,"texture":"#0","tintindex":0},"south":{"uv":[2.25,7.25,2.5,7.875],"rotation":0,"texture":"#0","tintindex":0},"up":{"uv":[8.125,2.5,7.875,2.25],"rotation":0,"texture":"#0","tintindex":0},"west":{"uv":[7.25,2.75,7.5,3.375],"rotation":0,"texture":"#0","tintindex":0}}},{"name":"leg3","from":[5.919632,3.5134807,8.47517],"to":[7.669904,4.6074004,10.006659],"rotation":{"angle":0.0,"axis":"x","origin":[9.023382,13.911166,0.60630274]},"faces":{"down":{"uv":[7.75,4.0,7.375,4.375],"rotation":0,"texture":"#0","tintindex":0},"east":{"uv":[7.625,6.125,8.0,6.375],"rotation":0,"texture":"#0","tintindex":0},"north":{"uv":[7.5,3.75,7.875,4.0],"rotation":0,"texture":"#0","tintindex":0},"south":{"uv":[7.625,6.875,8.0,7.125],"rotation":0,"texture":"#0","tintindex":0},"up":{"uv":[7.625,7.375,7.25,7.0],"rotation":0,"texture":"#0","tintindex":0},"west":{"uv":[7.625,7.125,8.0,7.375],"rotation":0,"texture":"#0","tintindex":0}}}],"display":{"head":{"translation":[0.0,-6.4,0.0],"rotation":[0.0,0.0,0.0],"scale":[3.8095,3.8095,3.8095]}}}