{"textures":{"0":"modelengine:entity/zebra"},"elements":[{"name":"leg4","from":[8.346896,2.0084348,1.3169626],"to":[10.097168,5.3995867,2.9578428],"rotation":{"angle":-45.0,"axis":"x","origin":[6.856181,13.395166,0.39990282]},"faces":{"down":{"uv":[7.875,1.875,7.5,2.25],"rotation":0,"texture":"#0","tintindex":0},"east":{"uv":[6.625,4.375,7.0,5.125],"rotation":0,"texture":"#0","tintindex":0},"north":{"uv":[6.5,6.5,6.875,7.25],"rotation":0,"texture":"#0","tintindex":0},"south":{"uv":[0.0,6.75,0.375,7.5],"rotation":0,"texture":"#0","tintindex":0},"up":{"uv":[7.875,1.875,7.5,1.5],"rotation":0,"texture":"#0","tintindex":0},"west":{"uv":[6.75,0.0,7.125,0.75],"rotation":0,"texture":"#0","tintindex":0}}},{"name":"leg3","from":[8.5656805,4.0914006,8.596946],"to":[9.878384,7.2637687,10.019041],"rotation":{"angle":0.0,"axis":"x","origin":[6.856181,13.395166,0.39990282]},"faces":{"down":{"uv":[3.625,7.875,3.375,8.125],"rotation":0,"texture":"#0","tintindex":0},"east":{"uv":[6.25,7.25,6.5,7.875],"rotation":0,"texture":"#0","tintindex":0},"north":{"uv":[6.0,7.25,6.25,7.875],"rotation":0,"texture":"#0","tintindex":0},"south":{"uv":[7.25,6.375,7.5,7.0],"rotation":0,"texture":"#0","tintindex":0},"up":{"uv":[8.125,3.5,7.875,3.25],"rotation":0,"texture":"#0","tintindex":0},"west":{"uv":[6.5,7.25,6.75,7.875],"rotation":0,"texture":"#0","tintindex":0}}},{"name":"leg4","from":[8.346896,2.9974806,8.26877],"to":[10.097168,4.0914006,9.800259],"rotation":{"angle":0.0,"axis":"x","origin":[6.856181,13.395166,0.39990282]},"faces":{"down":{"uv":[2.875,7.5,2.5,7.875],"rotation":0,"texture":"#0","tintindex":0},"east":{"uv":[7.75,6.625,8.125,6.875],"rotation":0,"texture":"#0","tintindex":0},"north":{"uv":[7.75,6.375,8.125,6.625],"rotation":0,"texture":"#0","tintindex":0},"south":{"uv":[7.25,7.75,7.625,8.0],"rotation":0,"texture":"#0","tintindex":0},"up":{"uv":[7.875,2.625,7.5,2.25],"rotation":0,"texture":"#0","tintindex":0},"west":{"uv":[0.0,7.875,0.375,8.125],"rotation":0,"texture":"#0","tintindex":0}}}],"display":{"head":{"translation":[0.0,-6.4,0.0],"rotation":[0.0,0.0,0.0],"scale":[3.8095,3.8095,3.8095]}}}