{"textures":{"0":"modelengine:entity/giraffe"},"elements":[{"name":"upperbody","from":[6.571932,6.6744184,6.523835],"to":[9.369245,9.271921,8.987736],"rotation":{"angle":0.0,"axis":"x","origin":[8.007825,0.016079426,10.520012]},"faces":{"down":{"uv":[6.25,3.25,5.6875,3.75],"rotation":0,"texture":"#0","tintindex":0},"east":{"uv":[5.9375,5.8125,6.4375,6.3125],"rotation":0,"texture":"#0","tintindex":0},"north":{"uv":[5.25,2.75,5.8125,3.25],"rotation":0,"texture":"#0","tintindex":0},"south":{"uv":[3.125,2.4375,4.0,3.125],"rotation":0,"texture":"#0","tintindex":0},"up":{"uv":[1.5625,6.1875,1.0,5.6875],"rotation":0,"texture":"#0","tintindex":0},"west":{"uv":[3.125,2.4375,4.0,3.125],"rotation":0,"texture":"#0","tintindex":0}}},{"name":"upperbody","from":[6.8538475,7.7165422,6.036848],"to":[7.7740126,9.441702,7.0351977],"rotation":{"angle":22.5,"axis":"x","origin":[8.088912,5.110447,7.6433015]},"faces":{"down":{"uv":[7.6875,6.5,7.5,6.6875],"rotation":0,"texture":"#0","tintindex":0},"east":{"uv":[2.875,7.3125,3.0625,7.6875],"rotation":0,"texture":"#0","tintindex":0},"north":{"uv":[2.6875,7.3125,2.875,7.6875],"rotation":0,"texture":"#0","tintindex":0},"south":{"uv":[3.0625,7.3125,3.25,7.6875],"rotation":0,"texture":"#0","tintindex":0},"up":{"uv":[7.6875,6.5,7.5,6.3125],"rotation":0,"texture":"#0","tintindex":0},"west":{"uv":[5.375,7.3125,5.5625,7.6875],"rotation":0,"texture":"#0","tintindex":0}}},{"name":"upperbody","from":[7.030053,8.3337965,8.044586],"to":[7.640256,9.71998,8.733126],"rotation":{"angle":22.5,"axis":"x","origin":[7.97134,9.782944,8.717407]},"faces":{"down":{"uv":[7.0625,5.9375,6.9375,6.0625],"rotation":0,"texture":"#0","tintindex":0},"east":{"uv":[1.5,2.1875,1.625,2.4375],"rotation":0,"texture":"#0","tintindex":0},"north":{"uv":[1.5,1.9375,1.625,2.1875],"rotation":0,"texture":"#0","tintindex":0},"south":{"uv":[1.375,2.8125,1.5,3.0625],"rotation":0,"texture":"#0","tintindex":0},"up":{"uv":[7.0625,5.9375,6.9375,5.8125],"rotation":0,"texture":"#0","tintindex":0},"west":{"uv":[1.375,3.0625,1.5,3.3125],"rotation":0,"texture":"#0","tintindex":0}}},{"name":"upperbody","from":[8.168667,7.6631007,6.036848],"to":[9.088832,9.388258,7.0351977],"rotation":{"angle":22.5,"axis":"x","origin":[9.558561,5.057005,7.6433015]},"faces":{"down":{"uv":[7.6875,6.6875,7.5,6.875],"rotation":0,"texture":"#0","tintindex":0},"east":{"uv":[7.3125,5.8125,7.5,6.1875],"rotation":0,"texture":"#0","tintindex":0},"north":{"uv":[5.5625,7.3125,5.75,7.6875],"rotation":0,"texture":"#0","tintindex":0},"south":{"uv":[7.3125,6.1875,7.5,6.5625],"rotation":0,"texture":"#0","tintindex":0},"up":{"uv":[6.8125,7.6875,6.625,7.5],"rotation":0,"texture":"#0","tintindex":0},"west":{"uv":[7.3125,6.5625,7.5,6.9375],"rotation":0,"texture":"#0","tintindex":0}}},{"name":"upperbody","from":[8.3024235,8.296008,8.082375],"to":[8.912626,9.682192,8.770914],"rotation":{"angle":22.5,"axis":"x","origin":[7.97134,9.782944,8.717407]},"faces":{"down":{"uv":[3.625,7.0625,3.5,7.1875],"rotation":0,"texture":"#0","tintindex":0},"east":{"uv":[0.75,3.5,0.875,3.75],"rotation":0,"texture":"#0","tintindex":0},"north":{"uv":[3.0,3.375,3.125,3.625],"rotation":0,"texture":"#0","tintindex":0},"south":{"uv":[0.75,3.75,0.875,4.0],"rotation":0,"texture":"#0","tintindex":0},"up":{"uv":[7.0625,6.1875,6.9375,6.0625],"rotation":0,"texture":"#0","tintindex":0},"west":{"uv":[3.875,4.5,4.0,4.75],"rotation":0,"texture":"#0","tintindex":0}}},{"name":"upperbody","from":[8.22501,9.582359,7.941861],"to":[8.990042,10.271812,8.630402],"rotation":{"angle":-22.5,"axis":"x","origin":[7.97134,10.17205,8.627236]},"faces":{"down":{"uv":[7.75,5.25,7.625,5.375],"rotation":0,"texture":"#0","tintindex":0},"east":{"uv":[1.4375,7.5625,1.5625,7.6875],"rotation":0,"texture":"#0","tintindex":0},"north":{"uv":[4.875,7.5,5.0,7.625],"rotation":0,"texture":"#0","tintindex":0},"south":{"uv":[6.5,7.5625,6.625,7.6875],"rotation":0,"texture":"#0","tintindex":0},"up":{"uv":[5.3125,7.75,5.1875,7.625],"rotation":0,"texture":"#0","tintindex":0},"west":{"uv":[4.875,7.625,5.0,7.75],"rotation":0,"texture":"#0","tintindex":0}}},{"name":"upperbody","from":[6.9526386,9.651113,7.9040723],"to":[7.7176704,10.340569,8.592612],"rotation":{"angle":-22.5,"axis":"x","origin":[7.97134,10.17205,8.627236]},"faces":{"down":{"uv":[5.0,7.375,4.875,7.5],"rotation":0,"texture":"#0","tintindex":0},"east":{"uv":[2.125,7.125,2.25,7.25],"rotation":0,"texture":"#0","tintindex":0},"north":{"uv":[6.125,7.0625,6.25,7.1875],"rotation":0,"texture":"#0","tintindex":0},"south":{"uv":[5.375,7.1875,5.5,7.3125],"rotation":0,"texture":"#0","tintindex":0},"up":{"uv":[5.875,7.4375,5.75,7.3125],"rotation":0,"texture":"#0","tintindex":0},"west":{"uv":[4.875,7.25,5.0,7.375],"rotation":0,"texture":"#0","tintindex":0}}},{"name":"upperbody","from":[6.3721237,7.884978,7.1232595],"to":[9.569053,8.872308,8.521915],"rotation":{"angle":0.0,"axis":"x","origin":[8.007825,0.016079426,10.520012]},"faces":{"down":{"uv":[7.3125,2.9375,6.6875,3.25],"rotation":0,"texture":"#0","tintindex":0},"east":{"uv":[7.5,2.125,7.8125,2.25],"rotation":0,"texture":"#0","tintindex":0},"north":{"uv":[7.0625,2.6875,7.6875,2.8125],"rotation":0,"texture":"#0","tintindex":0},"south":{"uv":[7.0625,2.8125,7.6875,2.9375],"rotation":0,"texture":"#0","tintindex":0},"up":{"uv":[3.8125,1.6875,3.1875,1.375],"rotation":0,"texture":"#0","tintindex":0},"west":{"uv":[7.5,2.25,7.8125,2.375],"rotation":0,"texture":"#0","tintindex":0}}},{"name":"upperbody","from":[6.3721237,8.872308,6.324027],"to":[7.36342,9.371826,8.521915],"rotation":{"angle":0.0,"axis":"x","origin":[8.007825,0.016079426,10.520012]},"faces":{"down":{"uv":[0.625,7.25,0.4375,7.6875],"rotation":0,"texture":"#0","tintindex":0},"east":{"uv":[5.8125,3.125,6.25,3.25],"rotation":0,"texture":"#0","tintindex":0},"north":{"uv":[4.6875,0.5625,4.875,0.6875],"rotation":0,"texture":"#0","tintindex":0},"south":{"uv":[5.0,5.75,5.1875,5.875],"rotation":0,"texture":"#0","tintindex":0},"up":{"uv":[5.375,7.625,5.1875,7.1875],"rotation":0,"texture":"#0","tintindex":0},"west":{"uv":[7.3125,2.5625,7.75,2.6875],"rotation":0,"texture":"#0","tintindex":0}}},{"name":"upperbody","from":[6.322172,8.717478,6.2241235],"to":[7.405628,8.872308,7.1232595],"rotation":{"angle":0.0,"axis":"x","origin":[8.007825,0.016079426,10.520012]},"faces":{"down":{"uv":[4.0625,1.1875,4.375,1.25],"rotation":0,"texture":"#0","tintindex":0},"east":{"uv":[4.0625,1.1875,4.375,1.25],"rotation":0,"texture":"#0","tintindex":0},"north":{"uv":[4.0625,1.1875,4.375,1.25],"rotation":0,"texture":"#0","tintindex":0},"south":{"uv":[4.0625,1.1875,4.375,1.25],"rotation":0,"texture":"#0","tintindex":0},"up":{"uv":[4.0625,1.1875,4.375,1.25],"rotation":0,"texture":"#0","tintindex":0},"west":{"uv":[4.0625,1.1875,4.375,1.25],"rotation":0,"texture":"#0","tintindex":0}}},{"name":"upperbody","from":[8.535548,8.717478,6.2241235],"to":[9.619004,8.872308,7.1232595],"rotation":{"angle":0.0,"axis":"x","origin":[8.007825,0.016079426,10.520012]},"faces":{"down":{"uv":[4.0625,1.1875,4.375,1.25],"rotation":0,"texture":"#0","tintindex":0},"east":{"uv":[4.0625,1.1875,4.375,1.25],"rotation":0,"texture":"#0","tintindex":0},"north":{"uv":[4.0625,1.1875,4.375,1.25],"rotation":0,"texture":"#0","tintindex":0},"south":{"uv":[4.0625,1.1875,4.375,1.25],"rotation":0,"texture":"#0","tintindex":0},"up":{"uv":[4.0625,1.1875,4.375,1.25],"rotation":0,"texture":"#0","tintindex":0},"west":{"uv":[4.0625,1.1875,4.375,1.25],"rotation":0,"texture":"#0","tintindex":0}}},{"name":"upperbody","from":[6.3721237,6.836914,6.324027],"to":[7.27126,8.046497,8.521915],"rotation":{"angle":0.0,"axis":"x","origin":[8.007825,0.016079426,10.520012]},"faces":{"down":{"uv":[2.3125,7.25,2.125,7.6875],"rotation":0,"texture":"#0","tintindex":0},"east":{"uv":[6.75,5.0625,7.1875,5.3125],"rotation":0,"texture":"#0","tintindex":0},"north":{"uv":[0.8125,7.375,1.0,7.625],"rotation":0,"texture":"#0","tintindex":0},"south":{"uv":[0.1875,7.5,0.375,7.75],"rotation":0,"texture":"#0","tintindex":0},