{"textures":{"0":"modelengine:entity/giraffe"},"elements":[{"name":"leg3","from":[6.5605865,2.4357216,2.5717568],"to":[8.066783,5.857978,4.214216],"rotation":{"angle":-45.0,"axis":"x","origin":[9.231518,12.738575,2.214581]},"faces":{"down":{"uv":[7.25,1.4375,6.9375,1.8125],"rotation":0,"texture":"#0","tintindex":0},"east":{"uv":[4.875,2.5,5.25,3.25],"rotation":0,"texture":"#0","tintindex":0},"north":{"uv":[0.4375,4.1875,0.75,4.9375],"rotation":0,"texture":"#0","tintindex":0},"south":{"uv":[2.25,6.0625,2.5625,6.8125],"rotation":0,"texture":"#0","tintindex":0},"up":{"uv":[4.75,3.625,4.4375,3.25],"rotation":0,"texture":"#0","tintindex":0},"west":{"uv":[4.8125,5.0,5.1875,5.75],"rotation":0,"texture":"#0","tintindex":0}}},{"name":"leg2","from":[6.7200613,1.5642179,9.425327],"to":[7.8785086,6.5981994,10.708332],"rotation":{"angle":0.0,"axis":"x","origin":[9.231518,9.570575,2.4305816]},"faces":{"down":{"uv":[6.5625,2.875,6.3125,3.125],"rotation":0,"texture":"#0","tintindex":0},"east":{"uv":[0.25,5.625,0.5,6.6875],"rotation":0,"texture":"#0","tintindex":0},"north":{"uv":[0.0,5.625,0.25,6.6875],"rotation":0,"texture":"#0","tintindex":0},"south":{"uv":[1.5625,5.6875,1.8125,6.75],"rotation":0,"texture":"#0","tintindex":0},"up":{"uv":[0.75,5.1875,0.5,4.9375],"rotation":0,"texture":"#0","tintindex":0},"west":{"uv":[5.6875,5.3125,5.9375,6.375],"rotation":0,"texture":"#0","tintindex":0}}},{"name":"leg3","from":[6.5605865,0.6228447,8.966395],"to":[8.066783,1.5642179,10.284317],"rotation":{"angle":0.0,"axis":"x","origin":[9.231518,9.570575,2.1948411]},"faces":{"down":{"uv":[2.125,7.125,1.8125,7.4375],"rotation":0,"texture":"#0","tintindex":0},"east":{"uv":[7.1875,3.9375,7.5,4.125],"rotation":0,"texture":"#0","tintindex":0},"north":{"uv":[4.0625,1.1875,4.375,1.375],"rotation":0,"texture":"#0","tintindex":0},"south":{"uv":[7.4375,1.1875,7.75,1.375],"rotation":0,"texture":"#0","tintindex":0},"up":{"uv":[7.4375,0.3125,7.125,0.0],"rotation":0,"texture":"#0","tintindex":0},"west":{"uv":[7.4375,1.375,7.75,1.5625],"rotation":0,"texture":"#0","tintindex":0}}}],"display":{"head":{"translation":[0.0,-6.4,0.0],"rotation":[0.0,0.0,0.0],"scale":[3.8095,3.8095,3.8095]}}}