{"textures":{"0":"modelengine:entity/giraffe"},"elements":[{"name":"leg4","from":[6.0899587,2.3890948,5.9705696],"to":[7.78443,6.154587,8.040565],"rotation":{"angle":-22.5,"axis":"x","origin":[8.855028,9.033203,3.1888402]},"faces":{"down":{"uv":[7.125,0.0,6.75,0.4375],"rotation":0,"texture":"#0","tintindex":0},"east":{"uv":[4.4375,2.4375,4.875,3.25],"rotation":0,"texture":"#0","tintindex":0},"north":{"uv":[4.875,0.875,5.25,1.6875],"rotation":0,"texture":"#0","tintindex":0},"south":{"uv":[1.125,4.875,1.5,5.6875],"rotation":0,"texture":"#0","tintindex":0},"up":{"uv":[7.0625,7.0625,6.6875,6.625],"rotation":0,"texture":"#0","tintindex":0},"west":{"uv":[2.125,4.5,2.5625,5.3125],"rotation":0,"texture":"#0","tintindex":0}}},{"name":"leg5","from":[5.995821,6.9115214,6.8523293],"to":[8.443391,9.453228,9.298873],"rotation":{"angle":0.0,"axis":"x","origin":[8.855028,9.033203,3.1888402]},"faces":{"down":{"uv":[5.1875,4.3125,5.75,4.8125],"rotation":0,"texture":"#0","tintindex":0},"east":{"uv":[5.1875,4.3125,5.75,4.8125],"rotation":0,"texture":"#0","tintindex":0},"north":{"uv":[0.875,2.8125,1.375,3.375],"rotation":0,"texture":"#0","tintindex":0},"south":{"uv":[0.5,5.1875,1.0,5.75],"rotation":0,"texture":"#0","tintindex":0},"up":{"uv":[6.25,5.3125,5.75,4.8125],"rotation":0,"texture":"#0","tintindex":0},"west":{"uv":[5.1875,3.25,5.6875,3.8125],"rotation":0,"texture":"#0","tintindex":0}}}],"display":{"head":{"translation":[0.0,-6.4,0.0],"rotation":[0.0,0.0,0.0],"scale":[3.8095,3.8095,3.8095]}}}