{"textures":{"0":"modelengine:entity/giraffe"},"elements":[{"name":"leg5","from":[8.133823,6.173622,6.535659],"to":[9.357609,8.191936,8.275198],"rotation":{"angle":0.0,"axis":"x","origin":[10.522343,10.978874,7.3472567]},"faces":{"down":{"uv":[1.5625,7.1875,1.3125,7.5625],"rotation":0,"texture":"#0","tintindex":0},"east":{"uv":[1.0,6.75,1.375,7.1875],"rotation":0,"texture":"#0","tintindex":0},"north":{"uv":[1.875,4.875,2.125,5.3125],"rotation":0,"texture":"#0","tintindex":0},"south":{"uv":[3.25,6.9375,3.5,7.375],"rotation":0,"texture":"#0","tintindex":0},"up":{"uv":[0.4375,7.5,0.1875,7.125],"rotation":0,"texture":"#0","tintindex":0},"west":{"uv":[1.375,6.75,1.75,7.1875],"rotation":0,"texture":"#0","tintindex":0}}},{"name":"leg4","from":[8.039686,0.64707065,6.331704],"to":[9.451746,1.5884433,7.6496263],"rotation":{"angle":0.0,"axis":"x","origin":[10.522343,9.380955,7.5632567]},"faces":{"down":{"uv":[7.4375,4.625,7.125,4.9375],"rotation":0,"texture":"#0","tintindex":0},"east":{"uv":[1.8125,7.4375,2.125,7.625],"rotation":0,"texture":"#0","tintindex":0},"north":{"uv":[7.4375,1.5625,7.75,1.75],"rotation":0,"texture":"#0","tintindex":0},"south":{"uv":[7.4375,3.1875,7.75,3.375],"rotation":0,"texture":"#0","tintindex":0},"up":{"uv":[7.4375,3.5625,7.125,3.25],"rotation":0,"texture":"#0","tintindex":0},"west":{"uv":[7.4375,3.375,7.75,3.5625],"rotation":0,"texture":"#0","tintindex":0}}},{"name":"leg4","from":[8.2082205,1.2281902,6.723934],"to":[9.283211,6.26776,7.995184],"rotation":{"angle":0.0,"axis":"x","origin":[10.522343,9.380955,7.5632567]},"faces":{"down":{"uv":[3.5,7.375,3.25,7.625],"rotation":0,"texture":"#0","tintindex":0},"east":{"uv":[5.75,0.5,6.0,1.5625],"rotation":0,"texture":"#0","tintindex":0},"north":{"uv":[0.5,5.75,0.75,6.8125],"rotation":0,"texture":"#0","tintindex":0},"south":{"uv":[0.75,5.75,1.0,6.8125],"rotation":0,"texture":"#0","tintindex":0},"up":{"uv":[7.5625,3.1875,7.3125,2.9375],"rotation":0,"texture":"#0","tintindex":0},"west":{"uv":[5.75,1.5625,6.0,2.625],"rotation":0,"texture":"#0","tintindex":0}}}],"display":{"head":{"translation":[0.0,-6.4,0.0],"rotation":[0.0,0.0,0.0],"scale":[3.8095,3.8095,3.8095]}}}