{"textures":{"0":"modelengine:entity/giraffe"},"elements":[{"name":"leg5","from":[7.1791363,4.4863667,6.5173016],"to":[8.879196,8.407034,8.553406],"rotation":{"angle":-22.5,"axis":"x","origin":[9.661793,8.908808,9.165527]},"faces":{"down":{"uv":[7.0625,6.1875,6.6875,6.625],"rotation":0,"texture":"#0","tintindex":0},"east":{"uv":[0.0,4.1875,0.4375,5.0625],"rotation":0,"texture":"#0","tintindex":0},"north":{"uv":[3.875,4.75,4.25,5.625],"rotation":0,"texture":"#0","tintindex":0},"south":{"uv":[4.8125,3.25,5.1875,4.125],"rotation":0,"texture":"#0","tintindex":0},"up":{"uv":[2.5,4.5,2.125,4.0625],"rotation":0,"texture":"#0","tintindex":0},"west":{"uv":[4.375,3.625,4.8125,4.5],"rotation":0,"texture":"#0","tintindex":0}}},{"name":"leg6","from":[7.084999,6.72122,7.36246],"to":[9.073058,8.958378,9.891387],"rotation":{"angle":22.5,"axis":"x","origin":[9.661793,8.908808,9.165527]},"faces":{"down":{"uv":[5.1875,4.3125,5.75,4.8125],"rotation":0,"texture":"#0","tintindex":0},"east":{"uv":[5.1875,3.8125,5.75,4.3125],"rotation":0,"texture":"#0","tintindex":0},"north":{"uv":[6.3125,0.0,6.75,0.5],"rotation":0,"texture":"#0","tintindex":0},"south":{"uv":[6.25,6.3125,6.6875,6.8125],"rotation":0,"texture":"#0","tintindex":0},"up":{"uv":[6.4375,1.5625,6.0,1.0],"rotation":0,"texture":"#0","tintindex":0},"west":{"uv":[5.1875,4.3125,5.75,4.8125],"rotation":0,"texture":"#0","tintindex":0}}}],"display":{"head":{"translation":[0.0,-6.4,0.0],"rotation":[0.0,0.0,0.0],"scale":[3.8095,3.8095,3.8095]}}}