{"textures":{"0":"modelengine:entity/giraffe"},"elements":[{"name":"upperbody","from":[7.081311,5.0508676,4.8340993],"to":[9.296331,9.53636,6.7944336],"rotation":{"angle":-22.5,"axis":"x","origin":[7.972821,8.229613,6.5307865]},"faces":{"down":{"uv":[6.9375,5.75,6.4375,6.1875],"rotation":0,"texture":"#0","tintindex":0},"east":{"uv":[3.4375,4.5,3.875,5.3125],"rotation":0,"texture":"#0","tintindex":0},"north":{"uv":[1.125,4.0625,1.625,4.875],"rotation":0,"texture":"#0","tintindex":0},"south":{"uv":[1.625,4.0625,2.125,4.875],"rotation":0,"texture":"#0","tintindex":0},"up":{"uv":[3.125,2.4375,4.0,3.125],"rotation":0,"texture":"#0","tintindex":0},"west":{"uv":[4.375,4.5,4.8125,5.3125],"rotation":0,"texture":"#0","tintindex":0}}},{"name":"upperbody","from":[7.1235046,9.029804,4.879792],"to":[9.27697,11.552049,7.037724],"rotation":{"angle":-45.0,"axis":"x","origin":[8.1925335,9.773284,6.268562]},"faces":{"down":{"uv":[6.75,4.875,6.25,5.3125],"rotation":0,"texture":"#0","tintindex":0},"east":{"uv":[3.625,6.125,4.0625,6.6875],"rotation":0,"texture":"#0","tintindex":0},"north":{"uv":[6.5,0.5,6.9375,1.0],"rotation":0,"texture":"#0","tintindex":0},"south":{"uv":[3.125,5.3125,3.625,5.875],"rotation":0,"texture":"#0","tintindex":0},"up":{"uv":[1.0,6.1875,1.4375,6.75],"rotation":0,"texture":"#0","tintindex":0},"west":{"uv":[1.0,6.1875,1.4375,6.75],"rotation":0,"texture":"#0","tintindex":0}}},{"name":"upperbody","from":[7.3395047,9.153206,4.107188],"to":[9.13297,14.33945,5.8991194],"rotation":{"angle":-22.5,"axis":"x","origin":[8.236237,10.30633,4.8561535]},"faces":{"down":{"uv":[5.875,6.875,5.5,7.3125],"rotation":0,"texture":"#0","tintindex":0},"east":{"uv":[4.0,1.375,4.4375,2.5],"rotation":0,"texture":"#0","tintindex":0},"north":{"uv":[4.0,3.625,4.375,4.75],"rotation":0,"texture":"#0","tintindex":0},"south":{"uv":[0.75,4.0625,1.125,5.1875],"rotation":0,"texture":"#0","tintindex":0},"up":{"uv":[7.25,1.4375,6.875,1.0],"rotation":0,"texture":"#0","tintindex":0},"west":{"uv":[4.0,2.5,4.4375,3.625],"rotation":0,"texture":"#0","tintindex":0}}},{"name":"upperbody","from":[7.1955047,9.009207,3.9571881],"to":[9.204969,11.171452,5.9711194],"rotation":{"angle":-22.5,"axis":"x","origin":[8.236237,10.30633,4.8561535]},"faces":{"down":{"uv":[7.125,3.25,6.6875,3.6875],"rotation":0,"texture":"#0","tintindex":0},"east":{"uv":[1.8125,6.625,2.25,7.125],"rotation":0,"texture":"#0","tintindex":0},"north":{"uv":[6.5,0.5,6.9375,1.0],"rotation":0,"texture":"#0","tintindex":0},"south":{"uv":[6.625,1.9375,7.0625,2.4375],"rotation":0,"texture":"#0","tintindex":0},"up":{"uv":[3.125,2.4375,4.0,3.125],"rotation":0,"texture":"#0","tintindex":0},"west":{"uv":[6.625,2.4375,7.0625,2.9375],"rotation":0,"texture":"#0","tintindex":0}}},{"name":"upperbody","from":[7.0629425,6.4689097,4.919559],"to":[9.306715,9.042373,7.0371723],"rotation":{"angle":-45.0,"axis":"x","origin":[8.1925335,9.773284,6.268562]},"faces":{"down":{"uv":[6.9375,3.6875,6.4375,4.125],"rotation":0,"texture":"#0","tintindex":0},"east":{"uv":[6.25,3.125,6.6875,3.6875],"rotation":0,"texture":"#0","tintindex":0},"north":{"uv":[4.25,5.3125,4.75,5.875],"rotation":0,"texture":"#0","tintindex":0},"south":{"uv":[5.1875,5.3125,5.6875,5.875],"rotation":0,"texture":"#0","tintindex":0},"up":{"uv":[6.9375,1.9375,6.4375,1.5],"rotation":0,"texture":"#0","tintindex":0},"west":{"uv":[6.25,4.3125,6.6875,4.875],"rotation":0,"texture":"#0","tintindex":0}}}],"display":{"head":{"translation":[0.0,-6.4,0.0],"rotation":[0.0,0.0,0.0],"scale":[3.8095,3.8095,3.8095]}}}