{"textures":{"0":"modelengine:entity/giraffe"},"elements":[{"name":"leg6","from":[7.0167913,6.173622,6.535659],"to":[8.240577,8.191936,8.275198],"rotation":{"angle":0.0,"axis":"x","origin":[5.8520565,10.978874,7.3472567]},"faces":{"down":{"uv":[1.3125,7.1875,1.5625,7.5625],"rotation":0,"texture":"#0","tintindex":0},"east":{"uv":[1.75,6.75,1.375,7.1875],"rotation":0,"texture":"#0","tintindex":0},"north":{"uv":[2.125,4.875,1.875,5.3125],"rotation":0,"texture":"#0","tintindex":0},"south":{"uv":[3.5,6.9375,3.25,7.375],"rotation":0,"texture":"#0","tintindex":0},"up":{"uv":[0.1875,7.5,0.4375,7.125],"rotation":0,"texture":"#0","tintindex":0},"west":{"uv":[1.375,6.75,1.0,7.1875],"rotation":0,"texture":"#0","tintindex":0}}},{"name":"leg5","from":[6.922654,0.64707065,6.331704],"to":[8.334714,1.5884433,7.6496263],"rotation":{"angle":0.0,"axis":"x","origin":[5.8520565,9.380955,7.5632567]},"faces":{"down":{"uv":[7.125,4.625,7.4375,4.9375],"rotation":0,"texture":"#0","tintindex":0},"east":{"uv":[7.75,3.375,7.4375,3.5625],"rotation":0,"texture":"#0","tintindex":0},"north":{"uv":[7.75,1.5625,7.4375,1.75],"rotation":0,"texture":"#0","tintindex":0},"south":{"uv":[7.75,3.1875,7.4375,3.375],"rotation":0,"texture":"#0","tintindex":0},"up":{"uv":[7.125,3.5625,7.4375,3.25],"rotation":0,"texture":"#0","tintindex":0},"west":{"uv":[2.125,7.4375,1.8125,7.625],"rotation":0,"texture":"#0","tintindex":0}}},{"name":"leg5","from":[7.0911894,1.2281902,6.723934],"to":[8.16618,6.26776,7.995184],"rotation":{"angle":0.0,"axis":"x","origin":[5.8520565,9.380955,7.5632567]},"faces":{"down":{"uv":[3.25,7.375,3.5,7.625],"rotation":0,"texture":"#0","tintindex":0},"east":{"uv":[6.0,1.5625,5.75,2.625],"rotation":0,"texture":"#0","tintindex":0},"north":{"uv":[0.75,5.75,0.5,6.8125],"rotation":0,"texture":"#0","tintindex":0},"south":{"uv":[1.0,5.75,0.75,6.8125],"rotation":0,"texture":"#0","tintindex":0},"up":{"uv":[7.3125,3.1875,7.5625,2.9375],"rotation":0,"texture":"#0","tintindex":0},"west":{"uv":[6.0,0.5,5.75,1.5625],"rotation":0,"texture":"#0","tintindex":0}}}],"display":{"head":{"translation":[0.0,-6.4,0.0],"rotation":[0.0,0.0,0.0],"scale":[3.8095,3.8095,3.8095]}}}