{"textures":{"0":"modelengine:entity/giraffe"},"elements":[{"name":"leg4","from":[8.307617,2.4357216,3.171757],"to":[9.813813,5.857978,4.8142166],"rotation":{"angle":-45.0,"axis":"x","origin":[7.1428814,12.738575,2.8145812]},"faces":{"down":{"uv":[6.9375,1.4375,7.25,1.8125],"rotation":0,"texture":"#0","tintindex":0},"east":{"uv":[5.1875,5.0,4.8125,5.75],"rotation":0,"texture":"#0","tintindex":0},"north":{"uv":[0.75,4.1875,0.4375,4.9375],"rotation":0,"texture":"#0","tintindex":0},"south":{"uv":[2.5625,6.0625,2.25,6.8125],"rotation":0,"texture":"#0","tintindex":0},"up":{"uv":[4.4375,3.625,4.75,3.25],"rotation":0,"texture":"#0","tintindex":0},"west":{"uv":[5.25,2.5,4.875,3.25],"rotation":0,"texture":"#0","tintindex":0}}},{"name":"leg3","from":[8.495892,1.5642179,10.025328],"to":[9.654339,6.5981994,11.308332],"rotation":{"angle":0.0,"axis":"x","origin":[7.1428814,9.570575,3.0305815]},"faces":{"down":{"uv":[6.3125,2.875,6.5625,3.125],"rotation":0,"texture":"#0","tintindex":0},"east":{"uv":[5.9375,5.3125,5.6875,6.375],"rotation":0,"texture":"#0","tintindex":0},"north":{"uv":[0.25,5.625,0.0,6.6875],"rotation":0,"texture":"#0","tintindex":0},"south":{"uv":[1.8125,5.6875,1.5625,6.75],"rotation":0,"texture":"#0","tintindex":0},"up":{"uv":[0.5,5.1875,0.75,4.9375],"rotation":0,"texture":"#0","tintindex":0},"west":{"uv":[0.5,5.625,0.25,6.6875],"rotation":0,"texture":"#0","tintindex":0}}},{"name":"leg4","from":[8.307617,0.6228447,9.566395],"to":[9.813813,1.5642179,10.884317],"rotation":{"angle":0.0,"axis":"x","origin":[7.1428814,9.570575,2.7948413]},"faces":{"down":{"uv":[1.8125,7.125,2.125,7.4375],"rotation":0,"texture":"#0","tintindex":0},"east":{"uv":[7.75,1.375,7.4375,1.5625],"rotation":0,"texture":"#0","tintindex":0},"north":{"uv":[4.375,1.1875,4.0625,1.375],"rotation":0,"texture":"#0","tintindex":0},"south":{"uv":[7.75,1.1875,7.4375,1.375],"rotation":0,"texture":"#0","tintindex":0},"up":{"uv":[7.125,0.3125,7.4375,0.0],"rotation":0,"texture":"#0","tintindex":0},"west":{"uv":[7.5,3.9375,7.1875,4.125],"rotation":0,"texture":"#0","tintindex":0}}}],"display":{"head":{"translation":[0.0,-6.4,0.0],"rotation":[0.0,0.0,0.0],"scale":[3.8095,3.8095,3.8095]}}}