{"textures":{"0":"modelengine:entity/giraffe"},"elements":[{"name":"leg5","from":[7.98997,2.3890948,5.9705696],"to":[9.684442,6.154587,8.040565],"rotation":{"angle":-22.5,"axis":"x","origin":[6.9193726,9.033203,3.1888402]},"faces":{"down":{"uv":[6.75,0.0,7.125,0.4375],"rotation":0,"texture":"#0","tintindex":0},"east":{"uv":[2.5625,4.5,2.125,5.3125],"rotation":0,"texture":"#0","tintindex":0},"north":{"uv":[5.25,0.875,4.875,1.6875],"rotation":0,"texture":"#0","tintindex":0},"south":{"uv":[1.5,4.875,1.125,5.6875],"rotation":0,"texture":"#0","tintindex":0},"up":{"uv":[6.6875,7.0625,7.0625,6.625],"rotation":0,"texture":"#0","tintindex":0},"west":{"uv":[4.875,2.4375,4.4375,3.25],"rotation":0,"texture":"#0","tintindex":0}}},{"name":"leg6","from":[7.331009,6.9115214,6.8523293],"to":[9.77858,9.453228,9.298873],"rotation":{"angle":0.0,"axis":"x","origin":[6.9193726,9.033203,3.1888402]},"faces":{"down":{"uv":[5.75,4.3125,5.1875,4.8125],"rotation":0,"texture":"#0","tintindex":0},"east":{"uv":[5.6875,3.25,5.1875,3.8125],"rotation":0,"texture":"#0","tintindex":0},"north":{"uv":[1.375,2.8125,0.875,3.375],"rotation":0,"texture":"#0","tintindex":0},"south":{"uv":[1.0,5.1875,0.5,5.75],"rotation":0,"texture":"#0","tintindex":0},"up":{"uv":[5.75,5.3125,6.25,4.8125],"rotation":0,"texture":"#0","tintindex":0},"west":{"uv":[5.75,4.3125,5.1875,4.8125],"rotation":0,"texture":"#0","tintindex":0}}}],"display":{"head":{"translation":[0.0,-6.4,0.0],"rotation":[0.0,0.0,0.0],"scale":[3.8095,3.8095,3.8095]}}}