{"textures":{"0":"modelengine:entity/giraffe"},"elements":[{"name":"tail","from":[7.6085043,1.9266448,6.411945],"to":[8.687074,3.879234,7.4505563],"rotation":{"angle":45.0,"axis":"x","origin":[8.147789,3.622939,7.0867705]},"faces":{"down":{"uv":[7.6875,0.9375,7.4375,1.1875],"rotation":0,"texture":"#0","tintindex":0},"east":{"uv":[7.0625,6.25,7.3125,6.6875],"rotation":0,"texture":"#0","tintindex":0},"north":{"uv":[5.875,7.0625,6.125,7.5],"rotation":0,"texture":"#0","tintindex":0},"south":{"uv":[6.625,7.0625,6.875,7.5],"rotation":0,"texture":"#0","tintindex":0},"up":{"uv":[7.6875,0.25,7.4375,0.0],"rotation":0,"texture":"#0","tintindex":0},"west":{"uv":[7.0625,6.6875,7.3125,7.125],"rotation":0,"texture":"#0","tintindex":0}}},{"name":"tail","from":[7.604702,5.6796083,7.5520506],"to":[8.698366,8.334976,8.424399],"rotation":{"angle":0.0,"axis":"x","origin":[8.151534,6.573852,7.4928656]},"faces":{"down":{"uv":[3.6875,7.5625,3.5,7.75],"rotation":0,"texture":"#0","tintindex":0},"east":{"uv":[0.8125,6.8125,1.0,7.375],"rotation":0,"texture":"#0","tintindex":0},"north":{"uv":[4.6875,0.0,4.875,0.5625],"rotation":0,"texture":"#0","tintindex":0},"south":{"uv":[6.875,7.0625,7.0625,7.625],"rotation":0,"texture":"#0","tintindex":0},"up":{"uv":[7.75,3.125,7.5625,2.9375],"rotation":0,"texture":"#0","tintindex":0},"west":{"uv":[0.0,7.125,0.1875,7.6875],"rotation":0,"texture":"#0","tintindex":0}}},{"name":"tail","from":[7.676702,3.7932088,7.799731],"to":[8.626366,6.105856,8.60008],"rotation":{"angle":22.5,"axis":"x","origin":[8.151534,6.573852,7.4928656]},"faces":{"down":{"uv":[6.5,7.5625,6.3125,7.75],"rotation":0,"texture":"#0","tintindex":0},"east":{"uv":[1.5625,7.1875,1.75,7.6875],"rotation":0,"texture":"#0","tintindex":0},"north":{"uv":[5.5,5.875,5.6875,6.375],"rotation":0,"texture":"#0","tintindex":0},"south":{"uv":[3.75,7.1875,3.9375,7.6875],"rotation":0,"texture":"#0","tintindex":0},"up":{"uv":[6.3125,7.75,6.125,7.5625],"rotation":0,"texture":"#0","tintindex":0},"west":{"uv":[5.0,7.1875,5.1875,7.6875],"rotation":0,"texture":"#0","tintindex":0}}}],"display":{"head":{"translation":[0.0,-6.4,0.0],"rotation":[0.0,0.0,0.0],"scale":[3.8095,3.8095,3.8095]}}}