{"textures":{"0":"modelengine:entity/giraffe"},"elements":[{"name":"upperbody","from":[6.1564875,6.860465,7.1749725],"to":[9.827843,9.447884,11.128739],"rotation":{"angle":0.0,"axis":"x","origin":[7.9921646,8.062434,9.151855]},"faces":{"down":{"uv":[1.625,1.0625,0.8125,1.9375],"rotation":0,"texture":"#0","tintindex":0},"east":{"uv":[0.0,2.8125,0.875,3.5],"rotation":0,"texture":"#0","tintindex":0},"north":{"uv":[0.875,3.375,1.6875,4.0625],"rotation":0,"texture":"#0","tintindex":0},"south":{"uv":[5.1875,4.3125,5.75,4.8125],"rotation":0,"texture":"#0","tintindex":0},"up":{"uv":[0.8125,1.9375,0.0,1.0625],"rotation":0,"texture":"#0","tintindex":0},"west":{"uv":[3.0625,0.0,3.9375,0.6875],"rotation":0,"texture":"#0","tintindex":0}}},{"name":"upperbody","from":[6.0623503,6.4682007,4.1588097],"to":[9.92198,9.730295,7.5515213],"rotation":{"angle":0.0,"axis":"x","origin":[7.8860464,9.223704,4.923445]},"faces":{"down":{"uv":[3.125,2.625,2.3125,3.375],"rotation":0,"texture":"#0","tintindex":0},"east":{"uv":[1.625,1.75,2.375,2.625],"rotation":0,"texture":"#0","tintindex":0},"north":{"uv":[3.125,1.75,4.0,2.4375],"rotation":180,"texture":"#0","tintindex":0},"south":{"uv":[1.625,0.875,2.4375,1.75],"rotation":0,"texture":"#0","tintindex":0},"up":{"uv":[2.3125,3.375,1.5,2.625],"rotation":0,"texture":"#0","tintindex":0},"west":{"uv":[0.0,1.9375,0.75,2.8125],"rotation":0,"texture":"#0","tintindex":0}}},{"name":"upperbody","from":[6.3004875,7.5804644,6.022972],"to":[9.683842,10.815884,9.97674],"rotation":{"angle":22.5,"axis":"x","origin":[7.9921646,7.8027105,7.5035105]},"faces":{"down":{"uv":[3.1875,0.875,2.4375,1.75],"rotation":0,"texture":"#0","tintindex":0},"east":{"uv":[3.125,3.125,4.0,3.8125],"rotation":0,"texture":"#0","tintindex":0},"north":{"uv":[3.25,3.8125,4.0,4.5],"rotation":0,"texture":"#0","tintindex":0},"south":{"uv":[5.1875,4.3125,5.75,4.8125],"rotation":0,"texture":"#0","tintindex":0},"up":{"uv":[3.125,2.625,2.375,1.75],"rotation":0,"texture":"#0","tintindex":0},"west":{"uv":[3.1875,0.6875,4.0625,1.375],"rotation":0,"texture":"#0","tintindex":0}}},{"name":"upperbody","from":[6.3004875,7.8405976,4.1374125],"to":[9.683842,12.804016,5.412779],"rotation":{"angle":22.5,"axis":"x","origin":[7.9921646,10.610308,4.371896]},"faces":{"down":{"uv":[3.125,1.75,4.0,2.4375],"rotation":0,"texture":"#0","tintindex":0},"east":{"uv":[3.75,1.8125,4.0,2.4375],"rotation":0,"texture":"#0","tintindex":0},"north":{"uv":[3.125,1.75,4.0,2.4375],"rotation":180,"texture":"#0","tintindex":0},"south":{"uv":[0.75,0.0,1.5,1.0625],"rotation":0,"texture":"#0","tintindex":0},"up":{"uv":[7.4375,4.375,6.6875,4.125],"rotation":0,"texture":"#0","tintindex":0},"west":{"uv":[3.75,1.8125,4.0,2.4375],"rotation":0,"texture":"#0","tintindex":0}}},{"name":"upperbody","from":[6.2063503,8.746411,3.9299772],"to":[9.777979,12.037305,7.8554893],"rotation":{"angle":45.0,"axis":"x","origin":[7.9921646,9.398258,5.367133]},"faces":{"down":{"uv":[3.0625,0.0,2.3125,0.875],"rotation":0,"texture":"#0","tintindex":0},"east":{"uv":[3.125,1.75,4.0,2.4375],"rotation":0,"texture":"#0","tintindex":0},"north":{"uv":[3.125,2.4375,4.0,3.125],"rotation":0,"texture":"#0","tintindex":0},"south":{"uv":[2.5,3.8125,3.25,4.5],"rotation":0,"texture":"#0","tintindex":0},"up":{"uv":[1.5,2.8125,0.75,1.9375],"rotation":0,"texture":"#0","tintindex":0},"west":{"uv":[3.125,2.4375,4.0,3.125],"rotation":0,"texture":"#0","tintindex":0}}}],"display":{"head":{"translation":[0.0,-6.4,0.0],"rotation":[0.0,0.0,0.0],"scale":[3.8095,3.8095,3.8095]}}}