{"textures":{"0":"modelengine:entity/cheetah"},"elements":[{"name":"cube","from":[6.777903,6.32963,5.5647697],"to":[9.465904,8.68163,9.2127695],"rotation":{"angle":0.0,"axis":"x","origin":[5.625903,4.07363,9.64477]},"faces":{"down":{"uv":[8.75,1.5,9.625,3.0],"rotation":180,"texture":"#0","tintindex":0},"east":{"uv":[8.75,1.5,9.625,3.0],"rotation":90,"texture":"#0","tintindex":0},"north":{"uv":[5.75,0.0,7.125,1.125],"rotation":0,"texture":"#0","tintindex":0},"south":{"uv":[7.125,0.0,8.5,1.5],"rotation":0,"texture":"#0","tintindex":0},"up":{"uv":[7.125,2.75,8.5,1.625],"rotation":0,"texture":"#0","tintindex":0},"west":{"uv":[8.75,1.5,9.625,3.0],"rotation":90,"texture":"#0","tintindex":0}}},{"name":"cube","from":[7.3059034,6.23363,6.0927696],"to":[9.033903,9.35363,9.69277],"rotation":{"angle":0.0,"axis":"x","origin":[5.625903,4.74563,10.17277]},"faces":{"down":{"uv":[7.125,3.625,8.25,1.625],"rotation":180,"texture":"#0","tintindex":0},"east":{"uv":[7.125,3.625,8.25,1.625],"rotation":180,"texture":"#0","tintindex":0},"north":{"uv":[7.125,3.625,8.25,1.625],"rotation":180,"texture":"#0","tintindex":0},"south":{"uv":[7.125,3.625,8.25,1.625],"rotation":180,"texture":"#0","tintindex":0},"up":{"uv":[7.125,3.625,8.25,1.625],"rotation":180,"texture":"#0","tintindex":0},"west":{"uv":[7.125,3.625,8.25,1.625],"rotation":180,"texture":"#0","tintindex":0}}},{"name":"cube","from":[7.2099032,5.94563,4.940769],"to":[8.937903,9.209631,9.020769],"rotation":{"angle":0.0,"axis":"x","origin":[5.5299034,4.45763,9.50077]},"faces":{"down":{"uv":[7.125,3.625,8.25,1.625],"rotation":180,"texture":"#0","tintindex":0},"east":{"uv":[7.125,3.625,8.25,1.625],"rotation":180,"texture":"#0","tintindex":0},"north":{"uv":[7.125,3.625,8.25,1.625],"rotation":180,"texture":"#0","tintindex":0},"south":{"uv":[7.125,3.625,8.25,1.625],"rotation":180,"texture":"#0","tintindex":0},"up":{"uv":[7.125,3.625,8.25,1.625],"rotation":180,"texture":"#0","tintindex":0},"west":{"uv":[7.125,3.625,8.25,1.625],"rotation":180,"texture":"#0","tintindex":0}}}],"display":{"head":{"translation":[0.0,-6.4,0.0],"rotation":[0.0,0.0,0.0],"scale":[3.8095,3.8095,3.8095]}}}