{"textures":{"0":"modelengine:entity/cheetah"},"elements":[{"name":"cube","from":[7.4945583,7.295159,5.6402965],"to":[8.611269,8.206259,9.607389],"rotation":{"angle":45.0,"axis":"x","origin":[6.264908,5.3397484,7.8858795]},"faces":{"down":{"uv":[2.25,5.75,2.75,7.0],"rotation":0,"texture":"#0","tintindex":0},"east":{"uv":[0.875,7.0,2.125,7.375],"rotation":0,"texture":"#0","tintindex":0},"north":{"uv":[2.625,7.0,2.875,7.375],"rotation":0,"texture":"#0","tintindex":0},"south":{"uv":[2.25,5.625,2.75,6.875],"rotation":0,"texture":"#0","tintindex":0},"up":{"uv":[2.25,5.75,2.75,7.0],"rotation":0,"texture":"#0","tintindex":0},"west":{"uv":[0.875,7.0,2.125,7.375],"rotation":0,"texture":"#0","tintindex":0}}},{"name":"tail2","from":[7.4918847,4.793821,9.469683],"to":[8.613941,5.831228,12.606184],"rotation":{"angle":22.5,"axis":"x","origin":[6.264908,2.8804476,11.820761]},"faces":{"down":{"uv":[2.25,5.625,2.75,6.875],"rotation":0,"texture":"#0","tintindex":0},"east":{"uv":[0.875,7.0,2.125,7.375],"rotation":0,"texture":"#0","tintindex":0},"north":{"uv":[2.25,5.625,2.75,6.875],"rotation":0,"texture":"#0","tintindex":0},"south":{"uv":[2.25,5.625,2.75,6.875],"rotation":0,"texture":"#0","tintindex":0},"up":{"uv":[2.25,5.625,2.75,6.875],"rotation":0,"texture":"#0","tintindex":0},"west":{"uv":[0.875,7.0,2.125,7.375],"rotation":0,"texture":"#0","tintindex":0}}},{"name":"cube","from":[7.5765347,5.2714186,12.998244],"to":[8.529292,6.385455,15.489625],"rotation":{"angle":-22.5,"axis":"x","origin":[8.355313,5.324436,15.211614]},"faces":{"down":{"uv":[2.25,5.625,2.75,6.875],"rotation":0,"texture":"#0","tintindex":0},"east":{"uv":[0.875,7.0,2.125,7.375],"rotation":0,"texture":"#0","tintindex":0},"north":{"uv":[2.25,5.625,2.75,6.875],"rotation":0,"texture":"#0","tintindex":0},"south":{"uv":[2.25,5.625,2.75,6.875],"rotation":0,"texture":"#0","tintindex":0},"up":{"uv":[2.25,5.625,2.75,6.875],"rotation":0,"texture":"#0","tintindex":0},"west":{"uv":[0.875,7.0,2.125,7.375],"rotation":0,"texture":"#0","tintindex":0}}},{"name":"cube","from":[7.6128445,7.616442,15.562913],"to":[8.4526615,8.651176,17.747995],"rotation":{"angle":-45.0,"axis":"x","origin":[6.264908,6.316845,18.268147]},"faces":{"down":{"uv":[4.0,7.125,3.375,7.375],"rotation":90,"texture":"#0","tintindex":0},"east":{"uv":[4.0,7.125,3.375,7.375],"rotation":0,"texture":"#0","tintindex":0},"north":{"uv":[4.0,7.125,3.375,7.375],"rotation":0,"texture":"#0","tintindex":0},"south":{"uv":[9.0,4.375,9.375,4.75],"rotation":0,"texture":"#0","tintindex":0},"up":{"uv":[4.0,7.125,3.375,7.375],"rotation":270,"texture":"#0","tintindex":0},"west":{"uv":[4.0,7.125,3.375,7.375],"rotation":180,"texture":"#0","tintindex":0}}}],"display":{"head":{"translation":[0.0,-6.4,0.0],"rotation":[0.0,0.0,0.0],"scale":[3.8095,3.8095,3.8095]}}}