{"textures":{"0":"modelengine:entity/cheetah"},"elements":[{"name":"cube","from":[7.20408,7.565671,5.4292483],"to":[9.021738,8.106207,7.595491],"rotation":{"angle":22.5,"axis":"x","origin":[5.6660824,6.3362074,8.1799135]},"faces":{"down":{"uv":[6.25,2.0,7.0,3.0],"rotation":0,"texture":"#0","tintindex":0},"east":{"uv":[2.125,0.25,3.125,0.5],"rotation":0,"texture":"#0","tintindex":0},"north":{"uv":[2.125,0.125,2.875,1.125],"rotation":0,"texture":"#0","tintindex":0},"south":{"uv":[2.125,0.125,2.875,1.125],"rotation":0,"texture":"#0","tintindex":0},"up":{"uv":[0.875,3.625,1.375,4.25],"rotation":0,"texture":"#0","tintindex":0},"west":{"uv":[2.125,0.25,3.125,0.5],"rotation":0,"texture":"#0","tintindex":0}}},{"name":"cube","from":[7.1365128,7.498104,5.361681],"to":[9.038117,8.173775,5.834651],"rotation":{"angle":22.5,"axis":"x","origin":[5.6660824,6.3362074,8.1799135]},"faces":{"down":{"uv":[2.125,0.125,3.125,0.375],"rotation":0,"texture":"#0","tintindex":0},"east":{"uv":[2.125,0.0,2.625,0.5],"rotation":0,"texture":"#0","tintindex":0},"north":{"uv":[2.125,0.0,3.125,0.5],"rotation":0,"texture":"#0","tintindex":0},"south":{"uv":[2.125,0.125,2.875,0.625],"rotation":0,"texture":"#0","tintindex":0},"up":{"uv":[2.125,0.125,3.125,0.375],"rotation":0,"texture":"#0","tintindex":0},"west":{"uv":[2.125,0.0,2.625,0.5],"rotation":0,"texture":"#0","tintindex":0}}},{"name":"cube","from":[8.440123,8.129301,8.011927],"to":[8.696058,8.589985,8.267862],"rotation":{"angle":0.0,"axis":"x","origin":[5.6660824,6.3362074,8.1799135]},"faces":{"down":{"uv":[1.25,3.625,1.375,3.75],"rotation":0,"texture":"#0","tintindex":0},"east":{"uv":[1.25,3.625,1.375,3.75],"rotation":0,"texture":"#0","tintindex":0},"north":{"uv":[1.25,3.625,1.375,3.75],"rotation":0,"texture":"#0","tintindex":0},"south":{"uv":[1.25,3.625,1.375,3.75],"rotation":0,"texture":"#0","tintindex":0},"up":{"uv":[1.25,3.625,1.375,3.75],"rotation":0,"texture":"#0","tintindex":0},"west":{"uv":[1.25,3.625,1.375,3.75],"rotation":0,"texture":"#0","tintindex":0}}},{"name":"cube","from":[8.440123,8.240522,7.1554766],"to":[8.696058,8.701207,7.4114127],"rotation":{"angle":22.5,"axis":"x","origin":[8.069015,8.594705,7.3247247]},"faces":{"down":{"uv":[1.25,3.625,1.375,3.75],"rotation":0,"texture":"#0","tintindex":0},"east":{"uv":[1.25,3.625,1.375,3.75],"rotation":0,"texture":"#0","tintindex":0},"north":{"uv":[1.25,3.625,1.375,3.75],"rotation":0,"texture":"#0","tintindex":0},"south":{"uv":[1.25,3.625,1.375,3.75],"rotation":0,"texture":"#0","tintindex":0},"up":{"uv":[1.25,3.625,1.375,3.75],"rotation":0,"texture":"#0","tintindex":0},"west":{"uv":[1.25,3.625,1.375,3.75],"rotation":0,"texture":"#0","tintindex":0}}},{"name":"cube","from":[8.440123,8.199242,7.4031563],"to":[8.696058,8.659927,7.6590924],"rotation":{"angle":22.5,"axis":"x","origin":[8.069015,8.4295845,7.6136847]},"faces":{"down":{"uv":[1.25,3.625,1.375,3.75],"rotation":0,"texture":"#0","tintindex":0},"east":{"uv":[1.25,3.625,1.375,3.75],"rotation":0,"texture":"#0","tintindex":0},"north":{"uv":[1.25,3.625,1.375,3.75],"rotation":0,"texture":"#0","tintindex":0},"south":{"uv":[1.25,3.625,1.375,3.75],"rotation":0,"texture":"#0","tintindex":0},"up":{"uv":[1.25,3.625,1.375,3.75],"rotation":0,"texture":"#0","tintindex":0},"west":{"uv":[1.25,3.625,1.375,3.75],"rotation":0,"texture":"#0","tintindex":0}}},{"name":"cube","from":[8.440123,8.393024,6.9182262],"to":[8.696058,8.853709,7.174163],"rotation":{"angle":0.0,"axis":"x","origin":[5.6660824,6.3362074,8.1799135]},"faces":{"down":{"uv":[1.25,3.625,1.375,3.75],"rotation":0,"texture":"#0","tintindex":0},"east":{"uv":[1.25,3.625,1.375,3.75],"rotation":0,"texture":"#0","tintindex":0},"north":{"uv":[1.25,3.625,1.375,3.75],"rotation":0,"texture":"#0","tintindex":0},"south":{"uv":[1.25,3.625,1.375,3.75],"rotation":0,"texture":"#0","tintindex":0},"up":{"uv":[1.25,3.625,1.375,3.75],"rotation":0,"texture":"#0","tintindex":0},"west":{"uv":[1.25,3.625,1.375,3.75],"rotation":0,"texture":"#0","tintindex":0}}},{"name":"cube","from":[8.2510605,8.64419,6.6108365],"to":[8.430215,9.104875,6.8667727],"rotation":{"angle":0.0,"axis":"x","origin":[5.6660824,6.3362074,8.1799135]},"faces":{"down":{"uv":[1.25,3.625,1.375,3.75],"rotation":0,"texture":"#0","tintindex":0},"east":{"uv":[1.25,3.625,1.375,3.75],"rotation":0,"texture":"#0","tintindex":0},"north":{"uv":[1.25,3.625,1.375,3.75],"rotation":0,"texture":"#0","tintindex":0},"south":{"uv":[1.25,3.625,1.375,3.75],"rotation":0,"texture":"#0","tintindex":0},"up":{"uv":[1.25,3.625,1.375,3.75],"rotation":0,"texture":"#0","tintindex":0},"west":{"uv":[1.25,3.625,1.375,3.75],"rotation":0,"texture":"#0","tintindex":0}}},{"name":"cube","from":[7.995124,8.64419,6.6108365],"to":[8.199872,9.104875,6.8667727],"rotation":{"angle":0.0,"axis":"x","origin":[5.6660824,6.3362074,8.1799135]},"faces":{"down":{"uv":[1.25,3.625,1.375,3.75],"rotation":0,"texture":"#0","tintindex":0},"east":{"uv":[1.25,3.625,1.375,3.75],"rotation":0,"texture":"#0","tintindex":0},"north":{"uv":[1.25,3.625,1.375,3.75],"rotation":0,"texture":"#0","tintindex":0},"south":{"uv":[1.25,3.625,1.375,3.75],"rotation":0,"texture":"#0","tintindex":0},"up":{"uv":[1.25,3.625,1.375,3.75],"rotation":0,"texture":"#0","tintindex":0},"west":{"uv":[1.25,3.625,1.375,3.75],"rotation":0,"texture":"#0","tintindex":0}}},{"name":"cube","from":[7.7647815,8.64419,6.6108365],"to":[7.9439363,9.104875,6.8667727],"rotation":{"angle":0.0,"axis":"x","origin":[5.6660824,6.3362074,8.1799135]},"faces":{"down":{"uv":[1.25,3.625,1.375,3.75],"rotation":0,"texture":"#0","tintindex":0},"east":{"uv":[1.25,3.625,1.375,3.75],"rotation":0,"texture":"#0","tintindex":0},"north":{"uv":[1.25,3.625,1.375,3.75],"rotation":0,"texture":"#0","tintindex":0},"south":{"uv":[1.25,3.625,1.375,3.75],"rotation":0,"texture":"#0","tintindex":0},"up":{"uv":[1.25,3.625,1.375,3.75],"rotation":0,"texture":"#0","tintindex":0},"west":{"uv":[1.25,3.625,1.375,3.75],"rotation":0,"texture":"#0","tintindex":0}}},{"name":"cube","from":[8.357562,7.940479,5.730919],"to":[8.613499,8.665356,5.9868546],"rotation":{"angle":22.5,"axis":"x","origin":[5.6660824,6.3362074,8.1799135]},"faces":{"down":{"uv":[1.25,3.625,1.375,3.75],"rotation":0,"texture":"#0","tintindex":0},"east":{"uv":[1.25,3.625,1.375,3.75],"rotation":0,"texture":"#0","tintindex":0},"north":{"uv":[1.25,3.625,1.375,3.75],"rotation":0,"texture":"#0","tintindex":0},"south":{"uv":[1.25,3.625,1.375,3.75],"rotation":0,"texture":"#0","tintindex":0},"up":{"uv":[1.25,3.625,1.375,3.75],"rotation":0,"texture":"#0","tintindex":0},"west":{"uv":[1.25,3.625,1.375,3.75],"rotation":0,"texture":"#0","tintindex":0}}},{"name":"cube","from":[7.524532,7.940479,5.730919],"to":[7.7804675,8.665356,5.9868546],"rotation":{"angle":22.5,"axis":"x","origin":[5.6660824,6.3362074,8.1799135]},"faces":{"down":{"uv":[1.25,3.625,1.375,3.75],"rotation":0,"texture":"#0","tintindex":0},"east":{"uv":[1.25,3.625,1.375,3.75],"rotation":0,"texture":"#0","tintindex":0},"north":{"uv":[1.25,3.625,1.375,3.75],"rotation":0,"texture":"#0","tintindex":0},"south":{"uv":[1.25,3.625,1.375,3.75],"rotation":0,"texture":"#0","tintindex":0},"up":{"uv":[1.25,3.625,1.375,3.75],"rotation":0,"texture":"#0","tintindex":0},"west":{"uv":[1.25,3.625,1.375,3.75],"rotation":0,"texture":"#0","tintindex":0}}},{"name":"cube","from":[7.441972,8.402819,6.8945813],"to":[7.697908,8.8635025,7.1505175],"rotation":{"angle":0.0,"axis":"x","origin":[5.6660824,6.3362074,8.1799135]},"faces":{"down":{"uv":[1.25,3.625,1.375,3.75],"rotation":0,"texture":"#0","tintindex":0},"east":{"uv":[1.25,3.625,1.375,3.75],"rotation":0,"texture":"#0","tintindex":0},"north":{"uv":[1.25,3.625,1.375,3.75],"rotation":0,"texture":"#0","tintindex":0},"south":{"uv":[1.25,3.625,1.375,3.75],"rotation":0,"texture":"#0","tintindex":0},"up":{"uv":[1.25,3.625,1.375,3.75],"rotation":0,"texture":"#0","tintindex":0},"west":{"uv":[1.25,3.625,1.375,3.75],"rotation":0,"texture":"#0","tintindex":0}}},{"name":"cube","from":[7.441972,8.240522,7.1554766],