{"textures":{"0":"modelengine:entity/zebra"},"elements":[{"name":"upperbody","from":[7.1739244,6.867942,7.24351],"to":[8.827932,8.264485,8.779373],"rotation":{"angle":0.0,"axis":"x","origin":[8.022945,5.086322,9.838396]},"faces":{"down":{"uv":[6.25,3.125,5.625,3.75],"rotation":0,"texture":"#0","tintindex":0},"east":{"uv":[2.0,6.25,2.625,6.75],"rotation":0,"texture":"#0","tintindex":0},"north":{"uv":[6.25,1.875,6.875,2.375],"rotation":0,"texture":"#0","tintindex":0},"south":{"uv":[6.25,2.375,6.875,2.875],"rotation":0,"texture":"#0","tintindex":0},"up":{"uv":[6.25,3.125,5.625,2.5],"rotation":0,"texture":"#0","tintindex":0},"west":{"uv":[6.25,2.875,6.875,3.375],"rotation":0,"texture":"#0","tintindex":0}}},{"name":"upperbody","from":[7.0557814,7.534357,7.5979395],"to":[8.946075,8.247859,8.424943],"rotation":{"angle":0.0,"axis":"x","origin":[8.022945,5.086322,9.838396]},"faces":{"down":{"uv":[2.125,6.75,1.375,7.125],"rotation":0,"texture":"#0","tintindex":0},"east":{"uv":[7.25,5.875,7.625,6.0],"rotation":0,"texture":"#0","tintindex":0},"north":{"uv":[7.625,1.375,8.375,1.5],"rotation":0,"texture":"#0","tintindex":0},"south":{"uv":[7.875,0.875,8.625,1.0],"rotation":0,"texture":"#0","tintindex":0},"up":{"uv":[7.0,5.5,6.25,5.125],"rotation":0,"texture":"#0","tintindex":0},"west":{"uv":[7.875,6.0,8.25,6.125],"rotation":0,"texture":"#0","tintindex":0}}},{"name":"upperbody","from":[6.9747815,8.178199,7.125366],"to":[7.5874267,8.4735565,8.424943],"rotation":{"angle":0.0,"axis":"x","origin":[8.022945,5.086322,9.838396]},"faces":{"down":{"uv":[7.875,0.375,7.625,0.875],"rotation":0,"texture":"#0","tintindex":0},"east":{"uv":[1.25,2.75,1.75,2.875],"rotation":0,"texture":"#0","tintindex":0},"north":{"uv":[8.0,4.75,8.25,4.875],"rotation":0,"texture":"#0","tintindex":0},"south":{"uv":[4.875,8.0,5.125,8.125],"rotation":0,"texture":"#0","tintindex":0},"up":{"uv":[7.25,8.0,7.0,7.5],"rotation":0,"texture":"#0","tintindex":0},"west":{"uv":[4.625,3.625,5.125,3.75],"rotation":0,"texture":"#0","tintindex":0}}},{"name":"upperbody","from":[7.0262456,8.0971985,7.0662947],"to":[7.557891,8.247859,7.5979395],"rotation":{"angle":0.0,"axis":"x","origin":[8.022945,5.086322,9.838396]},"faces":{"down":{"uv":[6.375,7.875,6.125,8.125],"rotation":0,"texture":"#0","tintindex":0},"east":{"uv":[8.0,6.25,8.25,6.375],"rotation":0,"texture":"#0","tintindex":0},"north":{"uv":[8.0,6.125,8.25,6.25],"rotation":0,"texture":"#0","tintindex":0},"south":{"uv":[6.625,8.0,6.875,8.125],"rotation":0,"texture":"#0","tintindex":0},"up":{"uv":[8.125,6.0,7.875,5.75],"rotation":0,"texture":"#0","tintindex":0},"west":{"uv":[6.875,8.0,7.125,8.125],"rotation":0,"texture":"#0","tintindex":0}}},{"name":"upperbody","from":[8.443966,8.0971985,7.0662947],"to":[8.975611,8.247859,7.5979395],"rotation":{"angle":0.0,"axis":"x","origin":[8.022945,5.086322,9.838396]},"faces":{"down":{"uv":[7.875,7.875,7.625,8.125],"rotation":0,"texture":"#0","tintindex":0},"east":{"uv":[8.0,7.0,8.25,7.125],"rotation":0,"texture":"#0","tintindex":0},"north":{"uv":[8.0,6.875,8.25,7.0],"rotation":0,"texture":"#0","tintindex":0},"south":{"uv":[7.125,8.0,7.375,8.125],"rotation":0,"texture":"#0","tintindex":0},"up":{"uv":[6.625,8.125,6.375,7.875],"rotation":0,"texture":"#0","tintindex":0},"west":{"uv":[8.0,7.125,8.25,7.25],"rotation":0,"texture":"#0","tintindex":0}}},{"name":"upperbody","from":[7.0557814,6.6529236,7.125366],"to":[7.5874267,7.534357,8.424943],"rotation":{"angle":0.0,"axis":"x","origin":[8.022945,5.086322,9.838396]},"faces":{"down":{"uv":[7.875,5.625,7.625,6.125],"rotation":0,"texture":"#0","tintindex":0},"east":{"uv":[1.25,2.25,1.75,2.75],"rotation":0,"texture":"#0","tintindex":0},"north":{"uv":[1.5,7.625,1.75,8.125],"rotation":0,"texture":"#0","tintindex":0},"south":{"uv":[1.75,7.625,2.0,8.125],"rotation":0,"texture":"#0","tintindex":0},"up":{"uv":[3.125,8.125,2.875,7.625],"rotation":0,"texture":"#0","tintindex":0},"west":{"uv":[4.625,3.125,5.125,3.625],"rotation":0,"texture":"#0","tintindex":0}}},{"name":"upperbody","from":[8.414431,8.178199,7.125366],"to":[9.027075,8.4735565,8.424943],"rotation":{"angle":0.0,"axis":"x","origin":[8.022945,5.086322,9.838396]},"faces":{"down":{"uv":[1.5,7.625,1.25,8.125],"rotation":0,"texture":"#0","tintindex":0},"east":{"uv":[6.375,0.75,6.875,0.875],"rotation":0,"texture":"#0","tintindex":0},"north":{"uv":[5.125,8.0,5.375,8.125],"rotation":0,"texture":"#0","tintindex":0},"south":{"uv":[5.375,8.0,5.625,8.125],"rotation":0,"texture":"#0","tintindex":0},"up":{"uv":[7.875,1.375,7.625,0.875],"rotation":0,"texture":"#0","tintindex":0},"west":{"uv":[7.875,5.625,8.375,5.75],"rotation":0,"texture":"#0","tintindex":0}}},{"name":"upperbody","from":[8.473501,6.6529236,7.125366],"to":[8.946075,7.534357,8.424943],"rotation":{"angle":0.0,"axis":"x","origin":[8.022945,5.086322,9.838396]},"faces":{"down":{"uv":[6.125,7.875,6.0,8.375],"rotation":0,"texture":"#0","tintindex":0},"east":{"uv":[2.125,6.75,2.625,7.25],"rotation":0,"texture":"#0","tintindex":0},"north":{"uv":[4.75,7.875,4.875,8.375],"rotation":0,"texture":"#0","tintindex":0},"south":{"uv":[5.75,7.875,5.875,8.375],"rotation":0,"texture":"#0","tintindex":0},"up":{"uv":[6.0,8.375,5.875,7.875],"rotation":0,"texture":"#0","tintindex":0},"west":{"uv":[6.75,5.5,7.25,6.0],"rotation":0,"texture":"#0","tintindex":0}}},{"name":"upperbody","from":[7.276853,7.7540174,7.1844378],"to":[7.4102116,7.9245186,7.2739396],"rotation":{"angle":0.0,"axis":"x","origin":[8.022945,5.086322,9.838396]},"faces":{"down":{"uv":[2.375,5.25,2.25,5.375],"rotation":0,"texture":"#0","tintindex":0},"east":{"uv":[4.5,1.75,4.625,1.875],"rotation":0,"texture":"#0","tintindex":0},"north":{"uv":[1.75,3.75,1.875,3.875],"rotation":0,"texture":"#0","tintindex":0},"south":{"uv":[4.5,1.875,4.625,2.0],"rotation":0,"texture":"#0","tintindex":0},"up":{"uv":[5.25,4.625,5.125,4.5],"rotation":0,"texture":"#0","tintindex":0},"west":{"uv":[5.125,4.375,5.25,4.5],"rotation":0,"texture":"#0","tintindex":0}}},{"name":"upperbody","from":[8.591645,7.7540174,7.1844378],"to":[8.725004,7.9245186,7.2739396],"rotation":{"angle":0.0,"axis":"x","origin":[8.022945,5.086322,9.838396]},"faces":{"down":{"uv":[4.75,6.0,4.625,6.125],"rotation":0,"texture":"#0","tintindex":0},"east":{"uv":[3.5,5.375,3.625,5.5],"rotation":0,"texture":"#0","tintindex":0},"north":{"uv":[2.25,5.375,2.375,5.5],"rotation":0,"texture":"#0","tintindex":0},"south":{"uv":[2.25,5.5,2.375,5.625],"rotation":0,"texture":"#0","tintindex":0},"up":{"uv":[3.625,5.75,3.5,5.625],"rotation":0,"texture":"#0","tintindex":0},"west":{"uv":[3.5,5.5,3.625,5.625],"rotation":0,"texture":"#0","tintindex":0}}},{"name":"upperbody","from":[6.8256245,8.275166,8.247728],"to":[7.4965897,9.573071,8.484015],"rotation":{"angle":22.5,"axis":"z","origin":[8.000928,8.958948,8.365871]},"faces":{"down":{"uv":[5.25,6.25,5.0,6.375],"rotation":0,"texture":"#0","tintindex":0},"east":{"uv":[1.625,4.75,1.75,5.25],"rotation":0,"texture":"#0","tintindex":0},"north":{"uv":[5.125,7.5,5.375,8.0],"rotation":0,"texture":"#0","tintindex":0},"south":{"uv":[7.5,5.125,7.75,5.625],"rotation":0,"texture":"#0","tintindex":0},"up":{"uv":[6.125,5.625,5.875,5.5],"rotation":0,"texture":"#0","tintindex":0},"west":{"uv":[0.625,7.875,0.75,8.375],"rotation":0,"texture":"#0","tintindex":0}}},{"name":"upperbody","from":[8.505267,8.275166,8.247728],"to":[9.176231,9.573071,8.484015],"rotation":{"angle":-22.5,"axis":"z","origin":[8.000928,8.958948,8.365871]},"faces":{"down":{"uv":[8.25,4.625,8.0,4.75],"rotation":0,"texture":"#0","tintindex":0},"east":{"uv":[2.75,7.875,2.875,8.375],"rotation":0,"texture":"#0","tintindex":0},"north":{"uv":[7.5,6.375,7.75,6.875],"rotation":0,"texture":"#0","tintindex":0},"south":{"uv":[6.75,7.5,7.0,8.0],"rotation":0,"texture":"#0","tintindex":0},"up":{"uv":[8.25,4.625,8.0,4.5],"rotation":0,"texture":"#0","tintindex":0},"west":{"uv":[4.625,7.875,4.75,8.375],"rotation":0,"texture":"#0","tintindex":0}}},{"name":"upperbody","from":[7.5874267,7.643939,7.3144],"to":[8.414431,8.932928,8.871441],