{"textures":{"0":"modelengine:entity/lion"},"elements":[{"name":"cube","from":[4.8382998,0.84006786,7.740088],"to":[7.1507,6.3672686,9.883287],"rotation":{"angle":22.5,"axis":"x","origin":[4.7819,-2.004922,13.282863]},"faces":{"down":{"uv":[13.375,1.25,12.875,1.75],"rotation":0,"texture":"#0","tintindex":0},"east":{"uv":[3.25,9.875,3.75,11.125],"rotation":0,"texture":"#0","tintindex":0},"north":{"uv":[9.875,0.0,10.375,1.25],"rotation":0,"texture":"#0","tintindex":0},"south":{"uv":[3.75,9.875,4.25,11.125],"rotation":0,"texture":"#0","tintindex":0},"up":{"uv":[13.375,1.25,12.875,0.75],"rotation":0,"texture":"#0","tintindex":0},"west":{"uv":[6.375,10.0,6.875,11.25],"rotation":0,"texture":"#0","tintindex":0}}},{"name":"cube","from":[5.0074997,4.918132,7.7386904],"to":[6.9251,7.286932,12.701891],"rotation":{"angle":22.5,"axis":"x","origin":[17.3027,8.342095,12.765984]},"faces":{"down":{"uv":[12.125,12.125,11.75,13.25],"rotation":0,"texture":"#0","tintindex":0},"east":{"uv":[10.375,0.75,11.5,1.25],"rotation":0,"texture":"#0","tintindex":0},"north":{"uv":[0.75,13.375,1.125,13.875],"rotation":0,"texture":"#0","tintindex":0},"south":{"uv":[2.75,13.375,3.125,13.875],"rotation":0,"texture":"#0","tintindex":0},"up":{"uv":[8.625,13.25,8.25,12.125],"rotation":0,"texture":"#0","tintindex":0},"west":{"uv":[9.125,10.5,10.25,11.0],"rotation":0,"texture":"#0","tintindex":0}}},{"name":"cube","from":[4.3870997,1.6542577,8.358582],"to":[7.7146997,2.8386579,11.573381],"rotation":{"angle":0.0,"axis":"x","origin":[5.9960756,1.4395236,10.586169]},"faces":{"down":{"uv":[11.375,3.875,10.625,4.625],"rotation":0,"texture":"#0","tintindex":0},"east":{"uv":[13.375,3.125,14.125,3.375],"rotation":0,"texture":"#0","tintindex":0},"north":{"uv":[13.375,2.875,14.125,3.125],"rotation":0,"texture":"#0","tintindex":0},"south":{"uv":[13.375,3.375,14.125,3.625],"rotation":0,"texture":"#0","tintindex":0},"up":{"uv":[11.375,3.875,10.625,3.125],"rotation":0,"texture":"#0","tintindex":0},"west":{"uv":[13.375,3.625,14.125,3.875],"rotation":0,"texture":"#0","tintindex":0}}},{"name":"cube","from":[5.2949705,1.5696578,7.3681197],"to":[5.6333704,2.2464576,8.04492],"rotation":{"angle":22.5,"axis":"y","origin":[5.9960756,1.4395236,10.755369]},"faces":{"down":{"uv":[2.5,14.375,2.375,14.5],"rotation":0,"texture":"#0","tintindex":0},"east":{"uv":[14.375,1.125,14.5,1.25],"rotation":0,"texture":"#0","tintindex":0},"north":{"uv":[14.375,1.0,14.5,1.125],"rotation":0,"texture":"#0","tintindex":0},"south":{"uv":[14.375,2.0,14.5,2.125],"rotation":0,"texture":"#0","tintindex":0},"up":{"uv":[14.5,2.375,14.375,2.25],"rotation":0,"texture":"#0","tintindex":0},"west":{"uv":[14.375,2.125,14.5,2.25],"rotation":0,"texture":"#0","tintindex":0}}},{"name":"cube","from":[5.7407,1.5696578,7.2869806],"to":[6.0790997,2.2464576,7.963781],"rotation":{"angle":0.0,"axis":"x","origin":[5.9960756,1.4395236,10.755369]},"faces":{"down":{"uv":[3.75,14.375,3.625,14.5],"rotation":0,"texture":"#0","tintindex":0},"east":{"uv":[2.5,14.375,2.625,14.5],"rotation":0,"texture":"#0","tintindex":0},"north":{"uv":[14.375,2.375,14.5,2.5],"rotation":0,"texture":"#0","tintindex":0},"south":{"uv":[14.375,2.5,14.5,2.625],"rotation":0,"texture":"#0","tintindex":0},"up":{"uv":[3.625,14.5,3.5,14.375],"rotation":0,"texture":"#0","tintindex":0},"west":{"uv":[14.375,2.625,14.5,2.75],"rotation":0,"texture":"#0","tintindex":0}}},{"name":"cube","from":[6.4165626,1.5696578,7.3909087],"to":[6.754963,2.2464576,8.067709],"rotation":{"angle":-22.5,"axis":"y","origin":[5.9960756,1.4395236,10.755369]},"faces":{"down":{"uv":[4.25,14.375,4.125,14.5],"rotation":0,"texture":"#0","tintindex":0},"east":{"uv":[3.875,14.375,4.0,14.5],"rotation":0,"texture":"#0","tintindex":0},"north":{"uv":[3.75,14.375,3.875,14.5],"rotation":0,"texture":"#0","tintindex":0},"south":{"uv":[14.375,3.875,14.5,4.0],"rotation":0,"texture":"#0","tintindex":0},"up":{"uv":[14.5,4.125,14.375,4.0],"rotation":0,"texture":"#0","tintindex":0},"west":{"uv":[4.0,14.375,4.125,14.5],"rotation":0,"texture":"#0","tintindex":0}}},{"name":"cube","from":[5.994515,1.7106576,7.5652223],"to":[7.348115,2.9514575,9.257222],"rotation":{"angle":-22.5,"axis":"y","origin":[5.9960756,1.4395236,10.586169]},"faces":{"down":{"uv":[10.125,14.0,9.875,14.375],"rotation":0,"texture":"#0","tintindex":0},"east":{"uv":[14.0,10.75,14.375,11.0],"rotation":0,"texture":"#0","tintindex":0},"north":{"uv":[13.625,14.125,13.875,14.375],"rotation":0,"texture":"#0","tintindex":0},"south":{"uv":[13.875,14.125,14.125,14.375],"rotation":0,"texture":"#0","tintindex":0},"up":{"uv":[9.0,14.375,8.75,14.0],"rotation":0,"texture":"#0","tintindex":0},"west":{"uv":[14.0,11.375,14.375,11.625],"rotation":0,"texture":"#0","tintindex":0}}},{"name":"cube","from":[5.2331,1.7106576,7.4561806],"to":[6.6431,2.9514575,9.14818],"rotation":{"angle":0.0,"axis":"x","origin":[5.9960756,1.4395236,10.586169]},"faces":{"down":{"uv":[9.875,13.75,9.5,14.125],"rotation":0,"texture":"#0","tintindex":0},"east":{"uv":[14.0,12.625,14.375,12.875],"rotation":0,"texture":"#0","tintindex":0},"north":{"uv":[14.0,11.625,14.375,11.875],"rotation":0,"texture":"#0","tintindex":0},"south":{"uv":[14.0,12.875,14.375,13.125],"rotation":0,"texture":"#0","tintindex":0},"up":{"uv":[14.125,9.25,13.75,8.875],"rotation":0,"texture":"#0","tintindex":0},"west":{"uv":[13.0,14.0,13.375,14.25],"rotation":0,"texture":"#0","tintindex":0}}},{"name":"cube","from":[4.814618,1.7106576,7.5424333],"to":[5.942618,2.9514575,9.234433],"rotation":{"angle":22.5,"axis":"y","origin":[5.9960756,1.4395236,10.586169]},"faces":{"down":{"uv":[14.375,0.875,14.125,1.25],"rotation":0,"texture":"#0","tintindex":0},"east":{"uv":[14.125,0.0,14.5,0.25],"rotation":0,"texture":"#0","tintindex":0},"north":{"uv":[14.125,13.875,14.375,14.125],"rotation":0,"texture":"#0","tintindex":0},"south":{"uv":[14.125,14.125,14.375,14.375],"rotation":0,"texture":"#0","tintindex":0},"up":{"uv":[14.375,0.875,14.125,0.5],"rotation":0,"texture":"#0","tintindex":0},"west":{"uv":[14.125,0.25,14.5,0.5],"rotation":0,"texture":"#0","tintindex":0}}}],"display":{"head":{"translation":[0.0,-6.4,0.0],"rotation":[0.0,0.0,0.0],"scale":[3.8095,3.8095,3.8095]}}}