{"textures":{"0":"modelengine:entity/lion"},"elements":[{"name":"cube","from":[6.0367994,4.1191998,6.7819996],"to":[8.236401,8.1236,9.8276005],"rotation":{"angle":0.0,"axis":"x","origin":[9.4208,5.1907997,6.4435997]},"faces":{"down":{"uv":[13.0,12.0,12.5,12.625],"rotation":0,"texture":"#0","tintindex":0},"east":{"uv":[8.125,11.25,8.75,12.125],"rotation":0,"texture":"#0","tintindex":0},"north":{"uv":[12.0,2.75,12.5,3.625],"rotation":0,"texture":"#0","tintindex":0},"south":{"uv":[5.625,12.125,6.125,13.0],"rotation":0,"texture":"#0","tintindex":0},"up":{"uv":[11.375,13.125,10.875,12.5],"rotation":0,"texture":"#0","tintindex":0},"west":{"uv":[11.375,2.125,12.0,3.0],"rotation":0,"texture":"#0","tintindex":0}}},{"name":"cube","from":[5.8112,6.0932,7.2332],"to":[8.5184,9.702801,10.8428],"rotation":{"angle":-45.0,"axis":"x","origin":[4.3448,6.5444,8.2484]},"faces":{"down":{"uv":[12.375,11.375,11.75,12.125],"rotation":0,"texture":"#0","tintindex":0},"east":{"uv":[10.5,1.875,11.25,2.625],"rotation":0,"texture":"#0","tintindex":0},"north":{"uv":[11.75,8.875,12.375,9.625],"rotation":0,"texture":"#0","tintindex":0},"south":{"uv":[9.125,11.75,9.75,12.5],"rotation":0,"texture":"#0","tintindex":0},"up":{"uv":[12.375,11.375,11.75,10.625],"rotation":0,"texture":"#0","tintindex":0},"west":{"uv":[6.875,10.5,7.625,11.25],"rotation":0,"texture":"#0","tintindex":0}}}],"display":{"head":{"translation":[0.0,-6.4,0.0],"rotation":[0.0,0.0,0.0],"scale":[3.8095,3.8095,3.8095]}}}