{"textures":{"0":"modelengine:entity/lion"},"elements":[{"name":"cube","from":[7.1084,5.8676,2.5159996],"to":[9.082399,10.4924,4.8847995],"rotation":{"angle":22.5,"axis":"x","origin":[6.6572,0.45319963,1.388]},"faces":{"down":{"uv":[9.875,13.25,9.5,13.75],"rotation":0,"texture":"#0","tintindex":0},"east":{"uv":[2.25,11.75,2.75,12.75],"rotation":0,"texture":"#0","tintindex":0},"north":{"uv":[12.375,5.625,12.75,6.625],"rotation":0,"texture":"#0","tintindex":0},"south":{"uv":[12.375,6.625,12.75,7.625],"rotation":0,"texture":"#0","tintindex":0},"up":{"uv":[3.875,13.75,3.5,13.25],"rotation":0,"texture":"#0","tintindex":0},"west":{"uv":[11.75,4.875,12.25,5.875],"rotation":0,"texture":"#0","tintindex":0}}},{"name":"cube","from":[10.5487995,3.8089998,2.7979999],"to":[10.8872,4.4858,3.4747999],"rotation":{"angle":-22.5,"axis":"y","origin":[9.7028,3.8089998,0.48560023]},"faces":{"down":{"uv":[14.375,13.125,14.25,13.25],"rotation":0,"texture":"#0","tintindex":0},"east":{"uv":[8.875,13.875,9.0,14.0],"rotation":0,"texture":"#0","tintindex":0},"north":{"uv":[8.25,13.875,8.375,14.0],"rotation":0,"texture":"#0","tintindex":0},"south":{"uv":[13.875,9.25,14.0,9.375],"rotation":0,"texture":"#0","tintindex":0},"up":{"uv":[13.25,14.375,13.125,14.25],"rotation":0,"texture":"#0","tintindex":0},"west":{"uv":[7.75,14.0,7.875,14.125],"rotation":0,"texture":"#0","tintindex":0}}},{"name":"cube","from":[9.026,3.9499998,2.9107995],"to":[10.379601,5.1907997,4.6028],"rotation":{"angle":-22.5,"axis":"y","origin":[9.026,3.9499998,2.9107995]},"faces":{"down":{"uv":[14.25,6.75,14.0,7.125],"rotation":0,"texture":"#0","tintindex":0},"east":{"uv":[6.0,14.0,6.375,14.25],"rotation":0,"texture":"#0","tintindex":0},"north":{"uv":[11.375,14.125,11.625,14.375],"rotation":0,"texture":"#0","tintindex":0},"south":{"uv":[11.625,14.125,11.875,14.375],"rotation":0,"texture":"#0","tintindex":0},"up":{"uv":[7.0,14.375,6.75,14.0],"rotation":0,"texture":"#0","tintindex":0},"west":{"uv":[6.375,14.0,6.75,14.25],"rotation":0,"texture":"#0","tintindex":0}}},{"name":"cube","from":[4.9087996,3.8089998,2.7979999],"to":[5.2472,4.4858,3.4747999],"rotation":{"angle":22.5,"axis":"y","origin":[5.9804,3.8089998,0.48560023]},"faces":{"down":{"uv":[14.375,13.75,14.25,13.875],"rotation":0,"texture":"#0","tintindex":0},"east":{"uv":[14.25,13.25,14.375,13.375],"rotation":0,"texture":"#0","tintindex":0},"north":{"uv":[13.25,14.25,13.375,14.375],"rotation":0,"texture":"#0","tintindex":0},"south":{"uv":[14.25,13.375,14.375,13.5],"rotation":0,"texture":"#0","tintindex":0},"up":{"uv":[14.375,13.75,14.25,13.625],"rotation":0,"texture":"#0","tintindex":0},"west":{"uv":[14.25,13.5,14.375,13.625],"rotation":0,"texture":"#0","tintindex":0}}},{"name":"cube","from":[5.5291996,3.9499998,2.9107995],"to":[6.6572,5.1907997,4.6028],"rotation":{"angle":22.5,"axis":"y","origin":[6.6572,3.9499998,2.9107995]},"faces":{"down":{"uv":[8.75,14.0,8.5,14.375],"rotation":0,"texture":"#0","tintindex":0},"east":{"uv":[7.0,14.0,7.375,14.25],"rotation":0,"texture":"#0","tintindex":0},"north":{"uv":[12.625,14.125,12.875,14.375],"rotation":0,"texture":"#0","tintindex":0},"south":{"uv":[13.375,14.125,13.625,14.375],"rotation":0,"texture":"#0","tintindex":0},"up":{"uv":[8.5,14.375,8.25,14.0],"rotation":0,"texture":"#0","tintindex":0},"west":{"uv":[7.375,14.0,7.75,14.25],"rotation":0,"texture":"#0","tintindex":0}}},{"name":"cube","from":[7.1084,3.9499998,2.5724],"to":[8.5184,5.1907997,4.2644],"rotation":{"angle":0.0,"axis":"x","origin":[8.8004,3.9499998,2.5724]},"faces":{"down":{"uv":[14.125,8.5,13.75,8.875],"rotation":0,"texture":"#0","tintindex":0},"east":{"uv":[14.0,9.5,14.375,9.75],"rotation":0,"texture":"#0","tintindex":0},"north":{"uv":[14.0,9.25,14.375,9.5],"rotation":0,"texture":"#0","tintindex":0},"south":{"uv":[14.0,9.75,14.375,10.0],"rotation":0,"texture":"#0","tintindex":0},"up":{"uv":[14.125,8.5,13.75,8.125],"rotation":0,"texture":"#0","tintindex":0},"west":{"uv":[14.0,10.5,14.375,10.75],"rotation":0,"texture":"#0","tintindex":0}}},{"name":"cube","from":[7.6159997,3.8089998,2.4031997],"to":[7.9544,4.4858,3.08],"rotation":{"angle":0.0,"axis":"x","origin":[8.6876,3.8089998,0.14719939]},"faces":{"down":{"uv":[14.5,0.875,14.375,1.0],"rotation":0,"texture":"#0","tintindex":0},"east":{"uv":[14.375,0.5,14.5,0.625],"rotation":0,"texture":"#0","tintindex":0},"north":{"uv":[0.5,14.375,0.625,14.5],"rotation":0,"texture":"#0","tintindex":0},"south":{"uv":[0.625,14.375,0.75,14.5],"rotation":0,"texture":"#0","tintindex":0},"up":{"uv":[14.5,0.875,14.375,0.75],"rotation":0,"texture":"#0","tintindex":0},"west":{"uv":[14.375,0.625,14.5,0.75],"rotation":0,"texture":"#0","tintindex":0}}},{"name":"cube","from":[6.2623997,3.8936,3.4747999],"to":[9.59,5.078,6.6896],"rotation":{"angle":0.0,"axis":"x","origin":[6.6572,-1.4644003,0.25999928]},"faces":{"down":{"uv":[9.125,10.5,8.375,11.25],"rotation":0,"texture":"#0","tintindex":0},"east":{"uv":[13.375,1.0,14.125,1.25],"rotation":0,"texture":"#0","tintindex":0},"north":{"uv":[13.375,0.75,14.125,1.0],"rotation":0,"texture":"#0","tintindex":0},"south":{"uv":[13.375,1.25,14.125,1.5],"rotation":0,"texture":"#0","tintindex":0},"up":{"uv":[8.375,11.25,7.625,10.5],"rotation":0,"texture":"#0","tintindex":0},"west":{"uv":[13.375,1.5,14.125,1.75],"rotation":0,"texture":"#0","tintindex":0}}}],"display":{"head":{"translation":[0.0,-6.4,0.0],"rotation":[0.0,0.0,0.0],"scale":[3.8095,3.8095,3.8095]}}}