{"textures":{"0":"modelengine:entity/lion"},"elements":[{"name":"cube","from":[5.793152,6.4822645,4.945616],"to":[10.029921,9.786177,9.24104],"rotation":{"angle":0.0,"axis":"x","origin":[4.6268,3.7220483,9.809553]},"faces":{"down":{"uv":[7.625,2.25,6.5,3.25],"rotation":0,"texture":"#0","tintindex":0},"east":{"uv":[6.875,10.5,7.625,11.25],"rotation":0,"texture":"#0","tintindex":0},"north":{"uv":[6.875,10.5,7.625,11.25],"rotation":0,"texture":"#0","tintindex":0},"south":{"uv":[0.0,6.75,1.125,7.625],"rotation":0,"texture":"#0","tintindex":0},"up":{"uv":[6.875,10.5,7.625,11.25],"rotation":0,"texture":"#0","tintindex":0},"west":{"uv":[3.0,7.5,2.125,8.5],"rotation":0,"texture":"#0","tintindex":0}}},{"name":"cube","from":[6.079664,5.8359203,4.756112],"to":[9.617072,10.291521,8.988368],"rotation":{"angle":0.0,"axis":"x","origin":[4.500464,4.2273927,9.6200485]},"faces":{"down":{"uv":[5.75,4.875,4.75,6.375],"rotation":0,"texture":"#0","tintindex":0},"east":{"uv":[6.875,10.5,7.625,11.25],"rotation":0,"texture":"#0","tintindex":0},"north":{"uv":[5.75,4.875,4.75,6.375],"rotation":0,"texture":"#0","tintindex":0},"south":{"uv":[6.5,9.0,7.25,10.0],"rotation":0,"texture":"#0","tintindex":0},"up":{"uv":[6.875,10.5,7.625,11.25],"rotation":0,"texture":"#0","tintindex":0},"west":{"uv":[6.875,10.5,7.625,11.25],"rotation":0,"texture":"#0","tintindex":0}}},{"name":"cube","from":[6.2060003,5.9329286,5.358464],"to":[9.743408,10.388529,8.7447195],"rotation":{"angle":0.0,"axis":"x","origin":[4.6268,4.6064005,10.5044]},"faces":{"down":{"uv":[0.75,10.75,0.0,11.5],"rotation":0,"texture":"#0","tintindex":0},"east":{"uv":[6.875,10.5,7.625,11.25],"rotation":0,"texture":"#0","tintindex":0},"north":{"uv":[6.875,10.5,7.625,11.25],"rotation":0,"texture":"#0","tintindex":0},"south":{"uv":[8.625,7.625,9.375,8.625],"rotation":0,"texture":"#0","tintindex":0},"up":{"uv":[6.875,10.5,7.625,11.25],"rotation":0,"texture":"#0","tintindex":0},"west":{"uv":[6.875,10.5,7.625,11.25],"rotation":0,"texture":"#0","tintindex":0}}}],"display":{"head":{"translation":[0.0,-6.4,0.0],"rotation":[0.0,0.0,0.0],"scale":[3.8095,3.8095,3.8095]}}}