{"textures":{"0":"modelengine:entity/lion"},"elements":[{"name":"cube","from":[7.1084,5.8676,3.1159997],"to":[9.0824,10.4924,5.4847994],"rotation":{"angle":22.5,"axis":"x","origin":[9.59,0.45319963,1.988]},"faces":{"down":{"uv":[0.5,12.875,0.0,13.375],"rotation":0,"texture":"#0","tintindex":0},"east":{"uv":[11.25,11.5,11.75,12.5],"rotation":0,"texture":"#0","tintindex":0},"north":{"uv":[10.75,11.5,11.25,12.5],"rotation":0,"texture":"#0","tintindex":0},"south":{"uv":[1.25,11.625,1.75,12.625],"rotation":0,"texture":"#0","tintindex":0},"up":{"uv":[13.25,11.875,12.75,11.375],"rotation":0,"texture":"#0","tintindex":0},"west":{"uv":[1.75,11.625,2.25,12.625],"rotation":0,"texture":"#0","tintindex":0}}},{"name":"cube","from":[5.36,3.8089998,3.3979998],"to":[5.6984005,4.4858,4.0748],"rotation":{"angle":22.5,"axis":"y","origin":[6.5444,3.8089998,1.0856001]},"faces":{"down":{"uv":[2.875,11.75,2.75,11.875],"rotation":0,"texture":"#0","tintindex":0},"east":{"uv":[11.25,2.5,11.375,2.625],"rotation":0,"texture":"#0","tintindex":0},"north":{"uv":[10.625,1.25,10.75,1.375],"rotation":0,"texture":"#0","tintindex":0},"south":{"uv":[11.375,4.5,11.5,4.625],"rotation":0,"texture":"#0","tintindex":0},"up":{"uv":[11.75,5.375,11.625,5.25],"rotation":0,"texture":"#0","tintindex":0},"west":{"uv":[11.5,5.25,11.625,5.375],"rotation":0,"texture":"#0","tintindex":0}}},{"name":"cube","from":[5.8676,3.9499998,3.5107996],"to":[7.2212,5.1907997,5.2028],"rotation":{"angle":22.5,"axis":"y","origin":[7.2212,3.9499998,3.5107996]},"faces":{"down":{"uv":[5.0,8.375,4.75,8.75],"rotation":0,"texture":"#0","tintindex":0},"east":{"uv":[13.75,4.125,14.125,4.375],"rotation":0,"texture":"#0","tintindex":0},"north":{"uv":[9.625,14.125,9.875,14.375],"rotation":0,"texture":"#0","tintindex":0},"south":{"uv":[10.125,14.125,10.375,14.375],"rotation":0,"texture":"#0","tintindex":0},"up":{"uv":[1.375,6.625,1.125,6.25],"rotation":0,"texture":"#0","tintindex":0},"west":{"uv":[13.75,5.0,14.125,5.25],"rotation":0,"texture":"#0","tintindex":0}}},{"name":"cube","from":[10.9436,3.8089998,3.3979998],"to":[11.282001,4.4858,4.0748],"rotation":{"angle":-22.5,"axis":"y","origin":[10.2668,3.8089998,1.0856001]},"faces":{"down":{"uv":[9.375,7.5,9.25,7.625],"rotation":0,"texture":"#0","tintindex":0},"east":{"uv":[3.625,6.25,3.75,6.375],"rotation":0,"texture":"#0","tintindex":0},"north":{"uv":[2.5,5.375,2.625,5.5],"rotation":0,"texture":"#0","tintindex":0},"south":{"uv":[5.625,7.875,5.75,8.0],"rotation":0,"texture":"#0","tintindex":0},"up":{"uv":[2.125,8.5,2.0,8.375],"rotation":0,"texture":"#0","tintindex":0},"west":{"uv":[8.125,3.125,8.25,3.25],"rotation":0,"texture":"#0","tintindex":0}}},{"name":"cube","from":[9.59,3.9499998,3.5107996],"to":[10.718,5.1907997,5.2028],"rotation":{"angle":-22.5,"axis":"y","origin":[9.59,3.9499998,3.5107996]},"faces":{"down":{"uv":[11.75,4.875,11.5,5.25],"rotation":0,"texture":"#0","tintindex":0},"east":{"uv":[10.5,13.875,10.875,14.125],"rotation":0,"texture":"#0","tintindex":0},"north":{"uv":[14.125,10.125,14.375,10.375],"rotation":0,"texture":"#0","tintindex":0},"south":{"uv":[10.375,14.125,10.625,14.375],"rotation":0,"texture":"#0","tintindex":0},"up":{"uv":[11.0,7.875,10.75,7.5],"rotation":0,"texture":"#0","tintindex":0},"west":{"uv":[10.875,13.875,11.25,14.125],"rotation":0,"texture":"#0","tintindex":0}}},{"name":"cube","from":[7.7288003,3.9499998,3.1724],"to":[9.138801,5.1907997,4.8644],"rotation":{"angle":0.0,"axis":"x","origin":[7.4468,3.9499998,3.1724]},"faces":{"down":{"uv":[13.375,13.625,13.0,14.0],"rotation":0,"texture":"#0","tintindex":0},"east":{"uv":[7.875,13.875,8.25,14.125],"rotation":0,"texture":"#0","tintindex":0},"north":{"uv":[13.875,6.5,14.25,6.75],"rotation":0,"texture":"#0","tintindex":0},"south":{"uv":[13.875,7.875,14.25,8.125],"rotation":0,"texture":"#0","tintindex":0},"up":{"uv":[7.75,4.625,7.375,4.25],"rotation":0,"texture":"#0","tintindex":0},"west":{"uv":[10.125,13.875,10.5,14.125],"rotation":0,"texture":"#0","tintindex":0}}},{"name":"cube","from":[8.292801,3.8089998,3.0031998],"to":[8.6312,4.4858,3.6799998],"rotation":{"angle":0.0,"axis":"x","origin":[7.5596004,3.8089998,0.74719954]},"faces":{"down":{"uv":[3.625,12.625,3.5,12.75],"rotation":0,"texture":"#0","tintindex":0},"east":{"uv":[10.125,12.375,10.25,12.5],"rotation":0,"texture":"#0","tintindex":0},"north":{"uv":[2.875,11.75,3.0,11.875],"rotation":0,"texture":"#0","tintindex":0},"south":{"uv":[12.375,12.0,12.5,12.125],"rotation":0,"texture":"#0","tintindex":0},"up":{"uv":[2.25,12.75,2.125,12.625],"rotation":0,"texture":"#0","tintindex":0},"west":{"uv":[1.125,12.5,1.25,12.625],"rotation":0,"texture":"#0","tintindex":0}}},{"name":"cube","from":[6.6572,3.8936,4.0748],"to":[9.9848,5.078,7.2896],"rotation":{"angle":0.0,"axis":"x","origin":[9.59,-1.4644003,0.8599994]},"faces":{"down":{"uv":[11.0,9.5,10.25,10.25],"rotation":0,"texture":"#0","tintindex":0},"east":{"uv":[7.875,13.25,8.625,13.5],"rotation":0,"texture":"#0","tintindex":0},"north":{"uv":[2.0,13.25,2.75,13.5],"rotation":0,"texture":"#0","tintindex":0},"south":{"uv":[13.25,9.875,14.0,10.125],"rotation":0,"texture":"#0","tintindex":0},"up":{"uv":[11.0,9.5,10.25,8.75],"rotation":0,"texture":"#0","tintindex":0},"west":{"uv":[13.25,11.375,14.0,11.625],"rotation":0,"texture":"#0","tintindex":0}}}],"display":{"head":{"translation":[0.0,-6.4,0.0],"rotation":[0.0,0.0,0.0],"scale":[3.8095,3.8095,3.8095]}}}