{"textures":{"0":"modelengine:entity/lion"},"elements":[{"name":"cube","from":[8.8709,0.8457074,7.083688],"to":[11.1833,6.3729076,9.226889],"rotation":{"angle":22.5,"axis":"x","origin":[11.2397,-1.9992824,12.626464]},"faces":{"down":{"uv":[9.125,12.625,8.625,13.125],"rotation":0,"texture":"#0","tintindex":0},"east":{"uv":[5.875,9.75,6.375,11.0],"rotation":0,"texture":"#0","tintindex":0},"north":{"uv":[2.0,9.5,2.5,10.75],"rotation":0,"texture":"#0","tintindex":0},"south":{"uv":[9.75,6.0,10.25,7.25],"rotation":0,"texture":"#0","tintindex":0},"up":{"uv":[7.875,13.125,7.375,12.625],"rotation":0,"texture":"#0","tintindex":0},"west":{"uv":[9.75,8.0,10.25,9.25],"rotation":0,"texture":"#0","tintindex":0}}},{"name":"cube","from":[9.096499,4.9237714,7.0822906],"to":[11.014101,7.2925715,12.04549],"rotation":{"angle":22.5,"axis":"x","origin":[-1.2811003,8.347734,12.109584]},"faces":{"down":{"uv":[8.25,12.125,7.875,13.25],"rotation":0,"texture":"#0","tintindex":0},"east":{"uv":[10.25,2.625,11.375,3.125],"rotation":0,"texture":"#0","tintindex":0},"north":{"uv":[6.875,10.0,7.25,10.5],"rotation":0,"texture":"#0","tintindex":0},"south":{"uv":[8.625,13.125,9.0,13.625],"rotation":0,"texture":"#0","tintindex":0},"up":{"uv":[4.5,13.0,4.125,11.875],"rotation":0,"texture":"#0","tintindex":0},"west":{"uv":[10.25,10.25,11.375,10.75],"rotation":0,"texture":"#0","tintindex":0}}},{"name":"cube","from":[8.3069,1.6598973,7.702181],"to":[11.6345005,2.8442974,10.916981],"rotation":{"angle":0.0,"axis":"x","origin":[10.025524,1.4451632,9.9297695]},"faces":{"down":{"uv":[5.0,10.375,4.25,11.125],"rotation":0,"texture":"#0","tintindex":0},"east":{"uv":[13.375,0.0,14.125,0.25],"rotation":0,"texture":"#0","tintindex":0},"north":{"uv":[0.0,13.375,0.75,13.625],"rotation":0,"texture":"#0","tintindex":0},"south":{"uv":[13.375,0.25,14.125,0.5],"rotation":0,"texture":"#0","tintindex":0},"up":{"uv":[11.125,0.75,10.375,0.0],"rotation":0,"texture":"#0","tintindex":0},"west":{"uv":[13.375,0.5,14.125,0.75],"rotation":0,"texture":"#0","tintindex":0}}},{"name":"cube","from":[10.388229,1.5752975,6.71172],"to":[10.726629,2.2520971,7.38852],"rotation":{"angle":-22.5,"axis":"y","origin":[10.025524,1.4451632,10.0989685]},"faces":{"down":{"uv":[13.875,9.25,13.75,9.375],"rotation":0,"texture":"#0","tintindex":0},"east":{"uv":[8.5,13.5,8.625,13.625],"rotation":0,"texture":"#0","tintindex":0},"north":{"uv":[8.375,13.5,8.5,13.625],"rotation":0,"texture":"#0","tintindex":0},"south":{"uv":[12.375,13.5,12.5,13.625],"rotation":0,"texture":"#0","tintindex":0},"up":{"uv":[13.75,8.25,13.625,8.125],"rotation":0,"texture":"#0","tintindex":0},"west":{"uv":[13.625,4.625,13.75,4.75],"rotation":0,"texture":"#0","tintindex":0}}},{"name":"cube","from":[9.9425,1.5752975,6.630581],"to":[10.280901,2.2520971,7.307381],"rotation":{"angle":0.0,"axis":"x","origin":[10.025524,1.4451632,10.0989685]},"faces":{"down":{"uv":[13.625,8.125,13.5,8.25],"rotation":0,"texture":"#0","tintindex":0},"east":{"uv":[0.625,13.25,0.75,13.375],"rotation":0,"texture":"#0","tintindex":0},"north":{"uv":[0.5,13.25,0.625,13.375],"rotation":0,"texture":"#0","tintindex":0},"south":{"uv":[13.375,5.5,13.5,5.625],"rotation":0,"texture":"#0","tintindex":0},"up":{"uv":[13.625,4.75,13.5,4.625],"rotation":0,"texture":"#0","tintindex":0},"west":{"uv":[11.625,13.375,11.75,13.5],"rotation":0,"texture":"#0","tintindex":0}}},{"name":"cube","from":[9.266638,1.5752975,6.7345085],"to":[9.605038,2.2520971,7.411309],"rotation":{"angle":22.5,"axis":"y","origin":[10.025524,1.4451632,10.0989685]},"faces":{"down":{"uv":[13.125,8.25,13.0,8.375],"rotation":0,"texture":"#0","tintindex":0},"east":{"uv":[12.75,11.875,12.875,12.0],"rotation":0,"texture":"#0","tintindex":0},"north":{"uv":[12.75,7.5,12.875,7.625],"rotation":0,"texture":"#0","tintindex":0},"south":{"uv":[12.875,8.25,13.0,8.375],"rotation":0,"texture":"#0","tintindex":0},"up":{"uv":[6.125,13.125,6.0,13.0],"rotation":0,"texture":"#0","tintindex":0},"west":{"uv":[12.875,11.875,13.0,12.0],"rotation":0,"texture":"#0","tintindex":0}}},{"name":"cube","from":[8.673485,1.7162973,6.908822],"to":[10.027085,2.9570973,8.600822],"rotation":{"angle":22.5,"axis":"y","origin":[10.025524,1.4451632,9.9297695]},"faces":{"down":{"uv":[4.125,14.0,3.875,14.375],"rotation":0,"texture":"#0","tintindex":0},"east":{"uv":[1.375,14.0,1.75,14.25],"rotation":0,"texture":"#0","tintindex":0},"north":{"uv":[14.125,11.0,14.375,11.25],"rotation":0,"texture":"#0","tintindex":0},"south":{"uv":[11.125,14.125,11.375,14.375],"rotation":0,"texture":"#0","tintindex":0},"up":{"uv":[2.625,14.375,2.375,14.0],"rotation":0,"texture":"#0","tintindex":0},"west":{"uv":[1.75,14.0,2.125,14.25],"rotation":0,"texture":"#0","tintindex":0}}},{"name":"cube","from":[9.3785,1.7162973,6.799781],"to":[10.7885,2.9570973,8.491781],"rotation":{"angle":0.0,"axis":"x","origin":[10.025524,1.4451632,9.9297695]},"faces":{"down":{"uv":[14.125,4.625,13.75,5.0],"rotation":0,"texture":"#0","tintindex":0},"east":{"uv":[13.375,13.875,13.75,14.125],"rotation":0,"texture":"#0","tintindex":0},"north":{"uv":[12.625,13.875,13.0,14.125],"rotation":0,"texture":"#0","tintindex":0},"south":{"uv":[13.75,13.875,14.125,14.125],"rotation":0,"texture":"#0","tintindex":0},"up":{"uv":[3.875,14.125,3.5,13.75],"rotation":0,"texture":"#0","tintindex":0},"west":{"uv":[0.0,14.0,0.375,14.25],"rotation":0,"texture":"#0","tintindex":0}}},{"name":"cube","from":[10.078981,1.7162973,6.886033],"to":[11.206982,2.9570973,8.578033],"rotation":{"angle":-22.5,"axis":"y","origin":[10.025524,1.4451632,9.9297695]},"faces":{"down":{"uv":[12.625,13.875,12.375,14.25],"rotation":0,"texture":"#0","tintindex":0},"east":{"uv":[11.25,13.875,11.625,14.125],"rotation":0,"texture":"#0","tintindex":0},"north":{"uv":[10.625,14.125,10.875,14.375],"rotation":0,"texture":"#0","tintindex":0},"south":{"uv":[10.875,14.125,11.125,14.375],"rotation":0,"texture":"#0","tintindex":0},"up":{"uv":[0.75,13.25,0.5,12.875],"rotation":0,"texture":"#0","tintindex":0},"west":{"uv":[11.625,13.875,12.0,14.125],"rotation":0,"texture":"#0","tintindex":0}}}],"display":{"head":{"translation":[0.0,-6.4,0.0],"rotation":[0.0,0.0,0.0],"scale":[3.8095,3.8095,3.8095]}}}