{"textures":{"0":"modelengine:entity/lion"},"elements":[{"name":"tail2","from":[7.257744,6.340205,6.2496896],"to":[8.827288,7.509341,11.624058],"rotation":{"angle":22.5,"axis":"x","origin":[5.541436,3.6637619,10.525399]},"faces":{"down":{"uv":[3.5,12.375,3.125,13.375],"rotation":0,"texture":"#0","tintindex":0},"east":{"uv":[12.75,10.25,13.75,10.5],"rotation":0,"texture":"#0","tintindex":0},"north":{"uv":[4.375,9.25,4.75,9.5],"rotation":0,"texture":"#0","tintindex":0},"south":{"uv":[9.75,7.25,10.125,7.5],"rotation":0,"texture":"#0","tintindex":0},"up":{"uv":[3.125,13.375,2.75,12.375],"rotation":0,"texture":"#0","tintindex":0},"west":{"uv":[12.75,11.125,13.75,11.375],"rotation":0,"texture":"#0","tintindex":0}}},{"name":"cube","from":[7.376153,7.008274,12.172475],"to":[8.7088785,8.284599,15.657442],"rotation":{"angle":-22.5,"axis":"x","origin":[8.465516,7.0824366,15.2685585]},"faces":{"down":{"uv":[3.25,7.5,3.0,8.25],"rotation":0,"texture":"#0","tintindex":0},"east":{"uv":[13.25,11.625,14.0,11.875],"rotation":0,"texture":"#0","tintindex":0},"north":{"uv":[6.5,8.75,6.75,9.0],"rotation":0,"texture":"#0","tintindex":0},"south":{"uv":[2.25,10.75,2.5,11.0],"rotation":0,"texture":"#0","tintindex":0},"up":{"uv":[1.375,6.25,1.125,5.5],"rotation":0,"texture":"#0","tintindex":0},"west":{"uv":[11.75,13.25,12.5,13.5],"rotation":0,"texture":"#0","tintindex":0}}},{"name":"cube","from":[7.426944,10.288517,15.759958],"to":[8.601688,11.453912,18.816471],"rotation":{"angle":-45.0,"axis":"x","origin":[5.541436,8.470627,19.544064]},"faces":{"down":{"uv":[11.0,5.375,10.75,6.0],"rotation":0,"texture":"#0","tintindex":0},"east":{"uv":[5.125,9.5,5.75,9.75],"rotation":0,"texture":"#0","tintindex":0},"north":{"uv":[12.0,3.625,12.25,3.875],"rotation":0,"texture":"#0","tintindex":0},"south":{"uv":[5.75,14.125,6.0,14.375],"rotation":0,"texture":"#0","tintindex":0},"up":{"uv":[7.5,9.625,7.25,9.0],"rotation":0,"texture":"#0","tintindex":0},"west":{"uv":[11.75,9.625,12.375,9.875],"rotation":0,"texture":"#0","tintindex":0}}}],"display":{"head":{"translation":[0.0,-6.4,0.0],"rotation":[0.0,0.0,0.0],"scale":[3.8095,3.8095,3.8095]}}}