{"textures":{"0":"modelengine:entity/lion"},"elements":[{"name":"cube","from":[6.719612,6.5268974,5.056646],"to":[9.501051,7.3540444,8.3715],"rotation":{"angle":22.5,"axis":"x","origin":[4.3661184,4.645532,9.265804]},"faces":{"down":{"uv":[12.5,1.125,11.875,1.875],"rotation":0,"texture":"#0","tintindex":0},"east":{"uv":[14.125,5.375,14.875,5.5],"rotation":0,"texture":"#0","tintindex":0},"north":{"uv":[13.125,11.0,13.75,11.125],"rotation":0,"texture":"#0","tintindex":0},"south":{"uv":[9.0,14.125,9.625,14.25],"rotation":0,"texture":"#0","tintindex":0},"up":{"uv":[12.5,0.75,11.875,0.0],"rotation":0,"texture":"#0","tintindex":0},"west":{"uv":[13.625,12.375,14.25,12.625],"rotation":0,"texture":"#0","tintindex":0}}},{"name":"cube","from":[6.6162186,6.423504,4.953252],"to":[9.526115,7.457438,5.677006],"rotation":{"angle":22.5,"axis":"x","origin":[4.3661184,4.645532,9.265804]},"faces":{"down":{"uv":[14.75,9.125,14.125,9.25],"rotation":0,"texture":"#0","tintindex":0},"east":{"uv":[9.375,14.25,9.5,14.5],"rotation":0,"texture":"#0","tintindex":0},"north":{"uv":[13.75,2.5,14.375,2.75],"rotation":0,"texture":"#0","tintindex":0},"south":{"uv":[13.75,3.875,14.375,4.125],"rotation":0,"texture":"#0","tintindex":0},"up":{"uv":[14.75,9.125,14.125,9.0],"rotation":0,"texture":"#0","tintindex":0},"west":{"uv":[9.5,14.25,9.625,14.5],"rotation":0,"texture":"#0","tintindex":0}}},{"name":"cube","from":[8.611044,7.3893824,9.008743],"to":[9.002686,8.0943365,9.400385],"rotation":{"angle":0.0,"axis":"x","origin":[4.3661184,4.645532,9.265804]},"faces":{"down":{"uv":[7.875,14.375,7.75,14.5],"rotation":0,"texture":"#0","tintindex":0},"east":{"uv":[14.375,7.25,14.5,7.375],"rotation":0,"texture":"#0","tintindex":0},"north":{"uv":[14.375,7.125,14.5,7.25],"rotation":0,"texture":"#0","tintindex":0},"south":{"uv":[14.375,7.375,14.5,7.5],"rotation":0,"texture":"#0","tintindex":0},"up":{"uv":[14.5,7.75,14.375,7.625],"rotation":0,"texture":"#0","tintindex":0},"west":{"uv":[14.375,7.5,14.5,7.625],"rotation":0,"texture":"#0","tintindex":0}}},{"name":"cube","from":[8.611044,7.5595775,7.698176],"to":[9.002686,8.264532,8.089818],"rotation":{"angle":22.5,"axis":"x","origin":[8.043163,8.101559,7.957165]},"faces":{"down":{"uv":[8.25,14.375,8.125,14.5],"rotation":0,"texture":"#0","tintindex":0},"east":{"uv":[7.875,14.375,8.0,14.5],"rotation":0,"texture":"#0","tintindex":0},"north":{"uv":[14.375,7.75,14.5,7.875],"rotation":0,"texture":"#0","tintindex":0},"south":{"uv":[14.375,7.875,14.5,8.0],"rotation":0,"texture":"#0","tintindex":0},"up":{"uv":[14.5,8.125,14.375,8.0],"rotation":0,"texture":"#0","tintindex":0},"west":{"uv":[8.0,14.375,8.125,14.5],"rotation":0,"texture":"#0","tintindex":0}}},{"name":"cube","from":[8.611044,7.496409,8.077185],"to":[9.002686,8.2013645,8.468825],"rotation":{"angle":22.5,"axis":"x","origin":[8.043163,7.8488865,8.399342]},"faces":{"down":{"uv":[14.5,13.125,14.375,13.25],"rotation":0,"texture":"#0","tintindex":0},"east":{"uv":[12.875,14.375,13.0,14.5],"rotation":0,"texture":"#0","tintindex":0},"north":{"uv":[14.375,12.75,14.5,12.875],"rotation":0,"texture":"#0","tintindex":0},"south":{"uv":[14.375,12.875,14.5,13.0],"rotation":0,"texture":"#0","tintindex":0},"up":{"uv":[13.25,14.5,13.125,14.375],"rotation":0,"texture":"#0","tintindex":0},"west":{"uv":[14.375,13.0,14.5,13.125],"rotation":0,"texture":"#0","tintindex":0}}},{"name":"cube","from":[8.611044,7.792941,7.3351293],"to":[9.002686,8.497896,7.7267714],"rotation":{"angle":0.0,"axis":"x","origin":[4.3661184,4.645532,9.265804]},"faces":{"down":{"uv":[9.0,14.375,8.875,14.5],"rotation":0,"texture":"#0","tintindex":0},"east":{"uv":[8.375,14.375,8.5,14.5],"rotation":0,"texture":"#0","tintindex":0},"north":{"uv":[8.25,14.375,8.375,14.5],"rotation":0,"texture":"#0","tintindex":0},"south":{"uv":[8.5,14.375,8.625,14.5],"rotation":0,"texture":"#0","tintindex":0},"up":{"uv":[8.875,14.5,8.75,14.375],"rotation":0,"texture":"#0","tintindex":0},"west":{"uv":[8.625,14.375,8.75,14.5],"rotation":0,"texture":"#0","tintindex":0}}},{"name":"cube","from":[8.321733,8.177282,6.864751],"to":[8.595883,8.8822365,7.2563925],"rotation":{"angle":0.0,"axis":"x","origin":[4.3661184,4.645532,9.265804]},"faces":{"down":{"uv":[9.875,14.375,9.75,14.5],"rotation":0,"texture":"#0","tintindex":0},"east":{"uv":[14.375,9.375,14.5,9.5],"rotation":0,"texture":"#0","tintindex":0},"north":{"uv":[14.375,9.25,14.5,9.375],"rotation":0,"texture":"#0","tintindex":0},"south":{"uv":[14.375,9.5,14.5,9.625],"rotation":0,"texture":"#0","tintindex":0},"up":{"uv":[14.5,9.75,14.375,9.625],"rotation":0,"texture":"#0","tintindex":0},"west":{"uv":[9.625,14.375,9.75,14.5],"rotation":0,"texture":"#0","tintindex":0}}},{"name":"cube","from":[7.930093,8.177282,6.864751],"to":[8.243406,8.8822365,7.2563925],"rotation":{"angle":0.0,"axis":"x","origin":[4.3661184,4.645532,9.265804]},"faces":{"down":{"uv":[14.5,10.125,14.375,10.25],"rotation":0,"texture":"#0","tintindex":0},"east":{"uv":[9.875,14.375,10.0,14.5],"rotation":0,"texture":"#0","tintindex":0},"north":{"uv":[14.375,9.75,14.5,9.875],"rotation":0,"texture":"#0","tintindex":0},"south":{"uv":[14.375,9.875,14.5,10.0],"rotation":0,"texture":"#0","tintindex":0},"up":{"uv":[10.25,14.5,10.125,14.375],"rotation":0,"texture":"#0","tintindex":0},"west":{"uv":[10.0,14.375,10.125,14.5],"rotation":0,"texture":"#0","tintindex":0}}},{"name":"cube","from":[7.5776153,8.177282,6.864751],"to":[7.851764,8.8822365,7.2563925],"rotation":{"angle":0.0,"axis":"x","origin":[4.3661184,4.645532,9.265804]},"faces":{"down":{"uv":[10.75,14.375,10.625,14.5],"rotation":0,"texture":"#0","tintindex":0},"east":{"uv":[14.375,10.25,14.5,10.375],"rotation":0,"texture":"#0","tintindex":0},"north":{"uv":[10.25,14.375,10.375,14.5],"rotation":0,"texture":"#0","tintindex":0},"south":{"uv":[10.375,14.375,10.5,14.5],"rotation":0,"texture":"#0","tintindex":0},"up":{"uv":[14.5,10.625,14.375,10.5],"rotation":0,"texture":"#0","tintindex":0},"west":{"uv":[10.5,14.375,10.625,14.5],"rotation":0,"texture":"#0","tintindex":0}}},{"name":"cube","from":[8.484708,7.100441,5.518272],"to":[8.8763485,8.209671,5.909913],"rotation":{"angle":22.5,"axis":"x","origin":[4.3661184,4.645532,9.265804]},"faces":{"down":{"uv":[10.875,14.375,10.75,14.5],"rotation":0,"texture":"#0","tintindex":0},"east":{"uv":[12.125,14.25,12.25,14.5],"rotation":0,"texture":"#0","tintindex":0},"north":{"uv":[14.25,11.875,14.375,12.125],"rotation":0,"texture":"#0","tintindex":0},"south":{"uv":[14.25,12.125,14.375,12.375],"rotation":0,"texture":"#0","tintindex":0},"up":{"uv":[14.5,10.75,14.375,10.625],"rotation":0,"texture":"#0","tintindex":0},"west":{"uv":[12.25,14.25,12.375,14.5],"rotation":0,"texture":"#0","tintindex":0}}},{"name":"cube","from":[7.2099776,7.100441,5.518272],"to":[7.6016192,8.209671,5.909913],"rotation":{"angle":22.5,"axis":"x","origin":[4.3661184,4.645532,9.265804]},"faces":{"down":{"uv":[11.0,14.375,10.875,14.5],"rotation":0,"texture":"#0","tintindex":0},"east":{"uv":[14.25,12.375,14.375,12.625],"rotation":0,"texture":"#0","tintindex":0},"north":{"uv":[12.375,14.25,12.5,14.5],"rotation":0,"texture":"#0","tintindex":0},"south":{"uv":[12.5,14.25,12.625,14.5],"rotation":0,"texture":"#0","tintindex":0},"up":{"uv":[14.5,10.875,14.375,10.75],"rotation":0,"texture":"#0","tintindex":0},"west":{"uv":[13.0,14.25,13.125,14.5],"rotation":0,"texture":"#0","tintindex":0}}},{"name":"cube","from":[7.0836415,7.807928,7.2989464],"to":[7.475283,8.512883,7.690587],"rotation":{"angle":0.0,"axis":"x","origin":[4.3661184,4.645532,9.265804]},"faces":{"down":{"uv":[11.375,14.375,11.25,14.5],"rotation":0,"texture":"#0","tintindex":0},"east":{"uv":[11.0,14.375,11.125,14.5],"rotation":0,"texture":"#0","tintindex":0},"north":{"uv":[14.375,10.875,14.5,11.0],"rotation":0,"texture":"#0","tintindex":0},"south":{"uv":[14.375,11.0,14.5,11.125],"rotation":0,"texture":"#0","tintindex":0},"up":{"uv":[14.5,11.25,14.375,11.125],"rotation":0,"texture":"#0","tintindex":0},"west":{"uv":[11.125,14.375,11.25,14.5],"rotation":0,"texture":"#0",