{"textures":{"0":"modelengine:entity/lion"},"elements":[{"name":"cube","from":[7.125533,7.281978,6.873765],"to":[8.918903,8.665438,8.240543],"rotation":{"angle":0.0,"axis":"x","origin":[7.866056,7.364716,6.293904]},"faces":{"down":{"uv":[5.75,4.875,4.75,6.375],"rotation":0,"texture":"#0","tintindex":0},"east":{"uv":[7.625,10.5,6.875,11.25],"rotation":0,"texture":"#0","tintindex":0},"north":{"uv":[8.25,3.5,9.25,4.25],"rotation":0,"texture":"#0","tintindex":0},"south":{"uv":[8.625,1.875,9.625,2.625],"rotation":0,"texture":"#0","tintindex":0},"up":{"uv":[9.75,5.0,8.75,4.25],"rotation":0,"texture":"#0","tintindex":0},"west":{"uv":[3.0,7.5,2.125,8.5],"rotation":0,"texture":"#0","tintindex":0}}},{"name":"cube","from":[7.3236513,8.200974,6.6278477],"to":[7.8756447,8.649258,6.788645],"rotation":{"angle":22.5,"axis":"y","origin":[8.013414,7.7576714,7.0034943]},"faces":{"down":{"uv":[1.75,9.375,1.5,9.5],"rotation":0,"texture":"#0","tintindex":0},"east":{"uv":[8.5,7.625,8.625,7.875],"rotation":0,"texture":"#0","tintindex":0},"north":{"uv":[0.0,14.25,0.25,14.5],"rotation":0,"texture":"#0","tintindex":0},"south":{"uv":[0.25,14.25,0.5,14.5],"rotation":0,"texture":"#0","tintindex":0},"up":{"uv":[3.25,8.375,3.0,8.25],"rotation":0,"texture":"#0","tintindex":0},"west":{"uv":[9.125,3.25,9.25,3.5],"rotation":0,"texture":"#0","tintindex":0}}},{"name":"cube","from":[7.3419538,8.091556,6.8530216],"to":[8.693151,8.301472,7.1545167],"rotation":{"angle":0.0,"axis":"x","origin":[8.013414,7.7576714,7.153494]},"faces":{"down":{"uv":[14.75,10.0,14.0,10.125],"rotation":0,"texture":"#0","tintindex":0},"east":{"uv":[4.25,14.375,4.375,14.5],"rotation":0,"texture":"#0","tintindex":0},"north":{"uv":[6.875,5.75,7.625,5.875],"rotation":0,"texture":"#0","tintindex":0},"south":{"uv":[9.875,1.25,10.625,1.375],"rotation":0,"texture":"#0","tintindex":0},"up":{"uv":[14.25,2.875,13.5,2.75],"rotation":0,"texture":"#0","tintindex":0},"west":{"uv":[4.375,14.375,4.5,14.5],"rotation":0,"texture":"#0","tintindex":0}}},{"name":"cube","from":[7.2638144,8.27739,7.464393],"to":[8.791389,8.739682,7.826187],"rotation":{"angle":-45.0,"axis":"x","origin":[8.013414,7.7576714,7.153494]},"faces":{"down":{"uv":[14.0,9.875,13.125,9.625],"rotation":0,"texture":"#0","tintindex":0},"east":{"uv":[14.0,9.875,13.125,9.625],"rotation":0,"texture":"#0","tintindex":0},"north":{"uv":[14.0,9.875,13.125,9.625],"rotation":0,"texture":"#0","tintindex":0},"south":{"uv":[14.0,9.875,13.125,9.625],"rotation":0,"texture":"#0","tintindex":0},"up":{"uv":[14.0,9.875,13.125,9.625],"rotation":0,"texture":"#0","tintindex":0},"west":{"uv":[14.0,9.875,13.125,9.625],"rotation":0,"texture":"#0","tintindex":0}}},{"name":"cube","from":[8.165218,8.200974,6.622034],"to":[8.717212,8.649258,6.782832],"rotation":{"angle":-22.5,"axis":"y","origin":[8.013414,7.7576714,7.0034943]},"faces":{"down":{"uv":[11.0,7.875,10.75,8.0],"rotation":0,"texture":"#0","tintindex":0},"east":{"uv":[6.375,9.75,6.5,10.0],"rotation":0,"texture":"#0","tintindex":0},"north":{"uv":[1.25,14.25,1.5,14.5],"rotation":0,"texture":"#0","tintindex":0},"south":{"uv":[1.5,14.25,1.75,14.5],"rotation":0,"texture":"#0","tintindex":0},"up":{"uv":[2.25,10.875,2.0,10.75],"rotation":0,"texture":"#0","tintindex":0},"west":{"uv":[10.125,7.25,10.25,7.5],"rotation":0,"texture":"#0","tintindex":0}}},{"name":"cube","from":[7.786406,8.737574,7.155735],"to":[8.268799,8.984861,8.1609955],"rotation":{"angle":0.0,"axis":"x","origin":[8.013414,7.7576714,7.153494]},"faces":{"down":{"uv":[4.125,13.25,3.875,14.0],"rotation":0,"texture":"#0","tintindex":0},"east":{"uv":[14.125,1.25,14.875,1.375],"rotation":0,"texture":"#0","tintindex":0},"north":{"uv":[3.0,11.0,3.25,11.125],"rotation":0,"texture":"#0","tintindex":0},"south":{"uv":[1.25,11.5,1.5,11.625],"rotation":0,"texture":"#0","tintindex":0},"up":{"uv":[6.625,10.625,6.875,11.5],"rotation":0,"texture":"#0","tintindex":0},"west":{"uv":[14.125,1.375,14.875,1.5],"rotation":0,"texture":"#0","tintindex":0}}},{"name":"cube","from":[7.429757,8.756004,7.1502533],"to":[8.273943,8.9771,8.201354],"rotation":{"angle":22.5,"axis":"z","origin":[8.013414,7.7576714,7.153494]},"faces":{"down":{"uv":[2.125,12.625,1.625,13.25],"rotation":0,"texture":"#0","tintindex":0},"east":{"uv":[8.75,5.0,9.375,5.125],"rotation":0,"texture":"#0","tintindex":0},"north":{"uv":[5.25,4.75,5.75,4.875],"rotation":0,"texture":"#0","tintindex":0},"south":{"uv":[6.375,4.625,6.875,4.75],"rotation":0,"texture":"#0","tintindex":0},"up":{"uv":[6.875,10.5,7.625,11.25],"rotation":0,"texture":"#0","tintindex":0},"west":{"uv":[12.25,4.375,12.875,4.5],"rotation":0,"texture":"#0","tintindex":0}}},{"name":"cube","from":[7.7684493,8.754126,7.1450763],"to":[8.602586,8.975222,8.201354],"rotation":{"angle":-22.5,"axis":"z","origin":[8.013414,7.7576714,7.153494]},"faces":{"down":{"uv":[12.875,7.625,12.375,8.375],"rotation":0,"texture":"#0","tintindex":0},"east":{"uv":[14.125,1.5,14.875,1.625],"rotation":0,"texture":"#0","tintindex":0},"north":{"uv":[12.875,4.75,13.375,4.875],"rotation":0,"texture":"#0","tintindex":0},"south":{"uv":[13.25,10.125,13.75,10.25],"rotation":0,"texture":"#0","tintindex":0},"up":{"uv":[6.875,10.5,7.625,11.25],"rotation":0,"texture":"#0","tintindex":0},"west":{"uv":[14.125,1.625,14.875,1.75],"rotation":0,"texture":"#0","tintindex":0}}},{"name":"cube","from":[7.845334,8.721034,7.456012],"to":[8.589022,9.54512,7.6168094],"rotation":{"angle":45.0,"axis":"z","origin":[8.013414,7.7576714,7.153494]},"faces":{"down":{"uv":[10.625,3.125,10.25,3.25],"rotation":0,"texture":"#0","tintindex":0},"east":{"uv":[5.625,7.375,5.75,7.875],"rotation":0,"texture":"#0","tintindex":0},"north":{"uv":[3.125,13.375,3.5,13.875],"rotation":0,"texture":"#0","tintindex":0},"south":{"uv":[6.625,10.625,6.875,11.5],"rotation":0,"texture":"#0","tintindex":0},"up":{"uv":[9.75,6.125,9.375,6.0],"rotation":0,"texture":"#0","tintindex":0},"west":{"uv":[8.125,2.625,8.25,3.125],"rotation":0,"texture":"#0","tintindex":0}}},{"name":"cube","from":[7.925733,8.721034,7.5967097],"to":[8.4885235,9.444622,7.7575073],"rotation":{"angle":45.0,"axis":"z","origin":[8.013414,7.7576714,7.153494]},"faces":{"down":{"uv":[11.875,1.125,11.5,1.25],"rotation":0,"texture":"#0","tintindex":0},"east":{"uv":[10.625,4.625,10.75,5.0],"rotation":0,"texture":"#0","tintindex":0},"north":{"uv":[13.75,10.125,14.125,10.5],"rotation":0,"texture":"#0","tintindex":0},"south":{"uv":[6.625,10.625,6.875,11.5],"rotation":0,"texture":"#0","tintindex":0},"up":{"uv":[11.75,10.75,11.375,10.625],"rotation":0,"texture":"#0","tintindex":0},"west":{"uv":[5.75,10.625,5.875,11.0],"rotation":0,"texture":"#0","tintindex":0}}},{"name":"cube","from":[7.4485474,8.731775,7.456012],"to":[8.192236,9.555862,7.6168094],"rotation":{"angle":-45.0,"axis":"z","origin":[8.013414,7.7576714,7.153494]},"faces":{"down":{"uv":[14.5,10.375,14.125,10.5],"rotation":0,"texture":"#0","tintindex":0},"east":{"uv":[8.5,0.875,8.625,1.375],"rotation":0,"texture":"#0","tintindex":0},"north":{"uv":[4.5,13.375,4.875,13.875],"rotation":0,"texture":"#0","tintindex":0},"south":{"uv":[6.625,10.625,6.875,11.5],"rotation":0,"texture":"#0","tintindex":0},"up":{"uv":[13.125,10.625,12.75,10.5],"rotation":0,"texture":"#0","tintindex":0},"west":{"uv":[4.25,9.875,4.375,10.375],"rotation":0,"texture":"#0","tintindex":0}}},{"name":"cube","from":[7.549046,8.731775,7.5967097],"to":[8.111837,9.455364,7.7575073],"rotation":{"angle":-45.0,"axis":"z","origin":[8.013414,7.7576714,7.153494]},"faces":{"down":{"uv":[14.625,2.75,14.25,2.875],"rotation":0,"texture":"#0","tintindex":0},"east":{"uv":[11.25,2.125,11.375,2.5],"rotation":0,"texture":"#0","tintindex":0},"north":{"uv":[0.75,13.875,1.125,14.25],"rotation":0,"texture":"#0","tintindex":0},"south":{"uv":[6.625,10.625,6.875,11.5],"rotation":0,"texture":"#0","tintindex":0},"up":{"uv":[14.5,11.375,14.125,11.25],"rotation":0,"texture":"#0","tintindex":0},"west":{"uv":[9.75,11.75,9.875,12.125],"rotation":0,"texture":"#0","tintindex":0}}},{"name":"cube",