{"textures":{"0":"modelengine:entity/lion"},"elements":[{"name":"cube","from":[7.794771,6.8756094,7.625696],"to":[8.428256,8.028877,8.502829],"rotation":{"angle":0.0,"axis":"x","origin":[8.769363,7.18423,7.528237]},"faces":{"down":{"uv":[13.0,12.0,12.5,12.625],"rotation":0,"texture":"#0","tintindex":0},"east":{"uv":[8.125,11.25,8.75,12.125],"rotation":0,"texture":"#0","tintindex":0},"north":{"uv":[12.0,2.75,12.5,3.625],"rotation":0,"texture":"#0","tintindex":0},"south":{"uv":[5.625,12.125,6.125,13.0],"rotation":0,"texture":"#0","tintindex":0},"up":{"uv":[11.375,13.125,10.875,12.5],"rotation":0,"texture":"#0","tintindex":0},"west":{"uv":[11.375,2.125,12.0,3.0],"rotation":0,"texture":"#0","tintindex":0}}},{"name":"cube","from":[7.7297983,7.4441214,7.755642],"to":[8.509472,8.483686,8.795206],"rotation":{"angle":-45.0,"axis":"x","origin":[7.307475,7.574067,8.048019]},"faces":{"down":{"uv":[12.375,11.375,11.75,12.125],"rotation":0,"texture":"#0","tintindex":0},"east":{"uv":[10.5,1.875,11.25,2.625],"rotation":0,"texture":"#0","tintindex":0},"north":{"uv":[11.75,8.875,12.375,9.625],"rotation":0,"texture":"#0","tintindex":0},"south":{"uv":[9.125,11.75,9.75,12.5],"rotation":0,"texture":"#0","tintindex":0},"up":{"uv":[12.375,11.375,11.75,10.625],"rotation":0,"texture":"#0","tintindex":0},"west":{"uv":[6.875,10.5,7.625,11.25],"rotation":0,"texture":"#0","tintindex":0}}}],"display":{"head":{"translation":[0.0,-6.4,0.0],"rotation":[0.0,0.0,0.0],"scale":[3.8095,3.8095,3.8095]}}}