{"textures":{"0":"modelengine:entity/lion"},"elements":[{"name":"cube","from":[7.7052393,5.9364667,8.042047],"to":[8.387859,7.568096,8.824719],"rotation":{"angle":22.5,"axis":"x","origin":[7.68859,5.096626,9.828274]},"faces":{"down":{"uv":[13.375,1.25,12.875,1.75],"rotation":0,"texture":"#0","tintindex":0},"east":{"uv":[3.25,9.875,3.75,11.125],"rotation":0,"texture":"#0","tintindex":0},"north":{"uv":[9.875,0.0,10.375,1.25],"rotation":0,"texture":"#0","tintindex":0},"south":{"uv":[3.75,9.875,4.25,11.125],"rotation":0,"texture":"#0","tintindex":0},"up":{"uv":[13.375,1.25,12.875,0.75],"rotation":0,"texture":"#0","tintindex":0},"west":{"uv":[6.375,10.0,6.875,11.25],"rotation":0,"texture":"#0","tintindex":0}}},{"name":"cube","from":[7.755187,7.1403112,8.191635],"to":[8.321262,7.9895806,9.656771],"rotation":{"angle":22.5,"axis":"x","origin":[11.38473,8.151066,9.675692]},"faces":{"down":{"uv":[12.125,12.125,11.75,13.25],"rotation":0,"texture":"#0","tintindex":0},"east":{"uv":[10.375,0.75,11.5,1.25],"rotation":0,"texture":"#0","tintindex":0},"north":{"uv":[0.75,13.375,1.125,13.875],"rotation":0,"texture":"#0","tintindex":0},"south":{"uv":[2.75,13.375,3.125,13.875],"rotation":0,"texture":"#0","tintindex":0},"up":{"uv":[8.625,13.25,8.25,12.125],"rotation":0,"texture":"#0","tintindex":0},"west":{"uv":[9.125,10.5,10.25,11.0],"rotation":0,"texture":"#0","tintindex":0}}},{"name":"cube","from":[7.572045,6.176815,8.374626],"to":[8.554352,6.52645,9.323635],"rotation":{"angle":0.0,"axis":"x","origin":[8.047014,6.113426,9.03221]},"faces":{"down":{"uv":[11.375,3.875,10.625,4.625],"rotation":0,"texture":"#0","tintindex":0},"east":{"uv":[13.375,3.125,14.125,3.375],"rotation":0,"texture":"#0","tintindex":0},"north":{"uv":[13.375,2.875,14.125,3.125],"rotation":0,"texture":"#0","tintindex":0},"south":{"uv":[13.375,3.375,14.125,3.625],"rotation":0,"texture":"#0","tintindex":0},"up":{"uv":[11.375,3.875,10.625,3.125],"rotation":0,"texture":"#0","tintindex":0},"west":{"uv":[13.375,3.625,14.125,3.875],"rotation":0,"texture":"#0","tintindex":0}}},{"name":"cube","from":[7.8400483,6.151841,8.082242],"to":[7.939944,6.351633,8.282034],"rotation":{"angle":22.5,"axis":"y","origin":[8.047014,6.113426,9.082158]},"faces":{"down":{"uv":[2.5,14.375,2.375,14.5],"rotation":0,"texture":"#0","tintindex":0},"east":{"uv":[14.375,1.125,14.5,1.25],"rotation":0,"texture":"#0","tintindex":0},"north":{"uv":[14.375,1.0,14.5,1.125],"rotation":0,"texture":"#0","tintindex":0},"south":{"uv":[14.375,2.0,14.5,2.125],"rotation":0,"texture":"#0","tintindex":0},"up":{"uv":[14.5,2.375,14.375,2.25],"rotation":0,"texture":"#0","tintindex":0},"west":{"uv":[14.375,2.125,14.5,2.25],"rotation":0,"texture":"#0","tintindex":0}}},{"name":"cube","from":[7.9716277,6.151841,8.0582905],"to":[8.071524,6.351633,8.258081],"rotation":{"angle":0.0,"axis":"x","origin":[8.047014,6.113426,9.082158]},"faces":{"down":{"uv":[3.75,14.375,3.625,14.5],"rotation":0,"texture":"#0","tintindex":0},"east":{"uv":[2.5,14.375,2.625,14.5],"rotation":0,"texture":"#0","tintindex":0},"north":{"uv":[14.375,2.375,14.5,2.5],"rotation":0,"texture":"#0","tintindex":0},"south":{"uv":[14.375,2.5,14.5,2.625],"rotation":0,"texture":"#0","tintindex":0},"up":{"uv":[3.625,14.5,3.5,14.375],"rotation":0,"texture":"#0","tintindex":0},"west":{"uv":[14.375,2.625,14.5,2.75],"rotation":0,"texture":"#0","tintindex":0}}},{"name":"cube","from":[8.171143,6.151841,8.088969],"to":[8.271038,6.351633,8.288761],"rotation":{"angle":-22.5,"axis":"y","origin":[8.047014,6.113426,9.082158]},"faces":{"down":{"uv":[4.25,14.375,4.125,14.5],"rotation":0,"texture":"#0","tintindex":0},"east":{"uv":[3.875,14.375,4.0,14.5],"rotation":0,"texture":"#0","tintindex":0},"north":{"uv":[3.75,14.375,3.875,14.5],"rotation":0,"texture":"#0","tintindex":0},"south":{"uv":[14.375,3.875,14.5,4.0],"rotation":0,"texture":"#0","tintindex":0},"up":{"uv":[14.5,4.125,14.375,4.0],"rotation":0,"texture":"#0","tintindex":0},"west":{"uv":[4.0,14.375,4.125,14.5],"rotation":0,"texture":"#0","tintindex":0}}},{"name":"cube","from":[8.046555,6.1934648,8.140427],"to":[8.446136,6.5597486,8.639905],"rotation":{"angle":-22.5,"axis":"y","origin":[8.047014,6.113426,9.03221]},"faces":{"down":{"uv":[10.125,14.0,9.875,14.375],"rotation":0,"texture":"#0","tintindex":0},"east":{"uv":[14.0,10.75,14.375,11.0],"rotation":0,"texture":"#0","tintindex":0},"north":{"uv":[13.625,14.125,13.875,14.375],"rotation":0,"texture":"#0","tintindex":0},"south":{"uv":[13.875,14.125,14.125,14.375],"rotation":0,"texture":"#0","tintindex":0},"up":{"uv":[9.0,14.375,8.75,14.0],"rotation":0,"texture":"#0","tintindex":0},"west":{"uv":[14.0,11.375,14.375,11.625],"rotation":0,"texture":"#0","tintindex":0}}},{"name":"cube","from":[7.821784,6.1934648,8.108238],"to":[8.238016,6.5597486,8.607716],"rotation":{"angle":0.0,"axis":"x","origin":[8.047014,6.113426,9.03221]},"faces":{"down":{"uv":[9.875,13.75,9.5,14.125],"rotation":0,"texture":"#0","tintindex":0},"east":{"uv":[14.0,12.625,14.375,12.875],"rotation":0,"texture":"#0","tintindex":0},"north":{"uv":[14.0,11.625,14.375,11.875],"rotation":0,"texture":"#0","tintindex":0},"south":{"uv":[14.0,12.875,14.375,13.125],"rotation":0,"texture":"#0","tintindex":0},"up":{"uv":[14.125,9.25,13.75,8.875],"rotation":0,"texture":"#0","tintindex":0},"west":{"uv":[13.0,14.0,13.375,14.25],"rotation":0,"texture":"#0","tintindex":0}}},{"name":"cube","from":[7.6982484,6.1934648,8.133699],"to":[8.031234,6.5597486,8.633178],"rotation":{"angle":22.5,"axis":"y","origin":[8.047014,6.113426,9.03221]},"faces":{"down":{"uv":[14.375,0.875,14.125,1.25],"rotation":0,"texture":"#0","tintindex":0},"east":{"uv":[14.125,0.0,14.5,0.25],"rotation":0,"texture":"#0","tintindex":0},"north":{"uv":[14.125,13.875,14.375,14.125],"rotation":0,"texture":"#0","tintindex":0},"south":{"uv":[14.125,14.125,14.375,14.375],"rotation":0,"texture":"#0","tintindex":0},"up":{"uv":[14.375,0.875,14.125,0.5],"rotation":0,"texture":"#0","tintindex":0},"west":{"uv":[14.125,0.25,14.5,0.5],"rotation":0,"texture":"#0","tintindex":0}}}],"display":{"head":{"translation":[0.0,-6.4,0.0],"rotation":[0.0,0.0,0.0],"scale":[3.8095,3.8095,3.8095]}}}