{"textures":{"0":"modelengine:entity/lion"},"elements":[{"name":"cube","from":[8.022426,7.334979,6.4998274],"to":[8.890938,8.666922,7.182041],"rotation":{"angle":22.5,"axis":"x","origin":[8.04248,5.775632,6.174963]},"faces":{"down":{"uv":[9.875,13.25,9.5,13.75],"rotation":0,"texture":"#0","tintindex":0},"east":{"uv":[2.25,11.75,2.75,12.75],"rotation":0,"texture":"#0","tintindex":0},"north":{"uv":[12.375,5.625,12.75,6.625],"rotation":0,"texture":"#0","tintindex":0},"south":{"uv":[12.375,6.625,12.75,7.625],"rotation":0,"texture":"#0","tintindex":0},"up":{"uv":[3.875,13.75,3.5,13.25],"rotation":0,"texture":"#0","tintindex":0},"west":{"uv":[11.75,4.875,12.25,5.875],"rotation":0,"texture":"#0","tintindex":0}}},{"name":"cube","from":[9.163261,6.7421026,6.5810432],"to":[9.26072,6.9370203,6.775962],"rotation":{"angle":-22.5,"axis":"y","origin":[8.919613,6.7421026,5.915072]},"faces":{"down":{"uv":[14.375,13.125,14.25,13.25],"rotation":0,"texture":"#0","tintindex":0},"east":{"uv":[8.875,13.875,9.0,14.0],"rotation":0,"texture":"#0","tintindex":0},"north":{"uv":[8.25,13.875,8.375,14.0],"rotation":0,"texture":"#0","tintindex":0},"south":{"uv":[13.875,9.25,14.0,9.375],"rotation":0,"texture":"#0","tintindex":0},"up":{"uv":[13.25,14.375,13.125,14.25],"rotation":0,"texture":"#0","tintindex":0},"west":{"uv":[7.75,14.0,7.875,14.125],"rotation":0,"texture":"#0","tintindex":0}}},{"name":"cube","from":[8.724694,6.78271,6.6135297],"to":[9.114531,7.140061,7.1008253],"rotation":{"angle":-22.5,"axis":"y","origin":[8.724694,6.78271,6.6135297]},"faces":{"down":{"uv":[14.25,6.75,14.0,7.125],"rotation":0,"texture":"#0","tintindex":0},"east":{"uv":[6.0,14.0,6.375,14.25],"rotation":0,"texture":"#0","tintindex":0},"north":{"uv":[11.375,14.125,11.625,14.375],"rotation":0,"texture":"#0","tintindex":0},"south":{"uv":[11.625,14.125,11.875,14.375],"rotation":0,"texture":"#0","tintindex":0},"up":{"uv":[7.0,14.375,6.75,14.0],"rotation":0,"texture":"#0","tintindex":0},"west":{"uv":[6.375,14.0,6.75,14.25],"rotation":0,"texture":"#0","tintindex":0}}},{"name":"cube","from":[7.538941,6.7421026,6.5810432],"to":[7.6364,6.9370203,6.775962],"rotation":{"angle":22.5,"axis":"y","origin":[7.8475614,6.7421026,5.915072]},"faces":{"down":{"uv":[14.375,13.75,14.25,13.875],"rotation":0,"texture":"#0","tintindex":0},"east":{"uv":[14.25,13.25,14.375,13.375],"rotation":0,"texture":"#0","tintindex":0},"north":{"uv":[13.25,14.25,13.375,14.375],"rotation":0,"texture":"#0","tintindex":0},"south":{"uv":[14.25,13.375,14.375,13.5],"rotation":0,"texture":"#0","tintindex":0},"up":{"uv":[14.375,13.75,14.25,13.625],"rotation":0,"texture":"#0","tintindex":0},"west":{"uv":[14.25,13.5,14.375,13.625],"rotation":0,"texture":"#0","tintindex":0}}},{"name":"cube","from":[7.717616,6.78271,6.6135297],"to":[8.04248,7.140061,7.1008253],"rotation":{"angle":22.5,"axis":"y","origin":[8.04248,6.78271,6.6135297]},"faces":{"down":{"uv":[8.75,14.0,8.5,14.375],"rotation":0,"texture":"#0","tintindex":0},"east":{"uv":[7.0,14.0,7.375,14.25],"rotation":0,"texture":"#0","tintindex":0},"north":{"uv":[12.625,14.125,12.875,14.375],"rotation":0,"texture":"#0","tintindex":0},"south":{"uv":[13.375,14.125,13.625,14.375],"rotation":0,"texture":"#0","tintindex":0},"up":{"uv":[8.5,14.375,8.25,14.0],"rotation":0,"texture":"#0","tintindex":0},"west":{"uv":[7.375,14.0,7.75,14.25],"rotation":0,"texture":"#0","tintindex":0}}},{"name":"cube","from":[8.172426,6.78271,6.5160704],"to":[8.5785055,7.140061,7.0033665],"rotation":{"angle":0.0,"axis":"x","origin":[8.659721,6.78271,6.5160704]},"faces":{"down":{"uv":[14.125,8.5,13.75,8.875],"rotation":0,"texture":"#0","tintindex":0},"east":{"uv":[14.0,9.5,14.375,9.75],"rotation":0,"texture":"#0","tintindex":0},"north":{"uv":[14.0,9.25,14.375,9.5],"rotation":0,"texture":"#0","tintindex":0},"south":{"uv":[14.0,9.75,14.375,10.0],"rotation":0,"texture":"#0","tintindex":0},"up":{"uv":[14.125,8.5,13.75,8.125],"rotation":0,"texture":"#0","tintindex":0},"west":{"uv":[14.0,10.5,14.375,10.75],"rotation":0,"texture":"#0","tintindex":0}}},{"name":"cube","from":[8.318615,6.7421026,6.4673405],"to":[8.416073,6.9370203,6.662259],"rotation":{"angle":0.0,"axis":"x","origin":[8.627235,6.7421026,5.8176126]},"faces":{"down":{"uv":[14.5,0.875,14.375,1.0],"rotation":0,"texture":"#0","tintindex":0},"east":{"uv":[14.375,0.5,14.5,0.625],"rotation":0,"texture":"#0","tintindex":0},"north":{"uv":[0.5,14.375,0.625,14.5],"rotation":0,"texture":"#0","tintindex":0},"south":{"uv":[0.625,14.375,0.75,14.5],"rotation":0,"texture":"#0","tintindex":0},"up":{"uv":[14.5,0.875,14.375,0.75],"rotation":0,"texture":"#0","tintindex":0},"west":{"uv":[14.375,0.625,14.5,0.75],"rotation":0,"texture":"#0","tintindex":0}}},{"name":"cube","from":[7.9287777,6.766467,6.775962],"to":[8.887127,7.1075745,7.701824],"rotation":{"angle":0.0,"axis":"x","origin":[8.04248,5.223363,5.850099]},"faces":{"down":{"uv":[9.125,10.5,8.375,11.25],"rotation":0,"texture":"#0","tintindex":0},"east":{"uv":[13.375,1.0,14.125,1.25],"rotation":0,"texture":"#0","tintindex":0},"north":{"uv":[13.375,0.75,14.125,1.0],"rotation":0,"texture":"#0","tintindex":0},"south":{"uv":[13.375,1.25,14.125,1.5],"rotation":0,"texture":"#0","tintindex":0},"up":{"uv":[8.375,11.25,7.625,10.5],"rotation":0,"texture":"#0","tintindex":0},"west":{"uv":[13.375,1.5,14.125,1.75],"rotation":0,"texture":"#0","tintindex":0}}}],"display":{"head":{"translation":[0.0,-6.4,0.0],"rotation":[0.0,0.0,0.0],"scale":[3.8095,3.8095,3.8095]}}}