{"textures":{"0":"modelengine:entity/lion"},"elements":[{"name":"cube","from":[7.320735,7.013341,6.904978],"to":[8.845971,8.202749,8.451331],"rotation":{"angle":0.0,"axis":"x","origin":[6.9008484,6.0196633,8.655994]},"faces":{"down":{"uv":[7.625,2.25,6.5,3.25],"rotation":0,"texture":"#0","tintindex":0},"east":{"uv":[6.875,10.5,7.625,11.25],"rotation":0,"texture":"#0","tintindex":0},"north":{"uv":[6.875,10.5,7.625,11.25],"rotation":0,"texture":"#0","tintindex":0},"south":{"uv":[0.0,6.75,1.125,7.625],"rotation":0,"texture":"#0","tintindex":0},"up":{"uv":[6.875,10.5,7.625,11.25],"rotation":0,"texture":"#0","tintindex":0},"west":{"uv":[3.0,7.5,2.125,8.5],"rotation":0,"texture":"#0","tintindex":0}}},{"name":"cube","from":[7.423879,6.780658,6.8367567],"to":[8.697346,8.384674,8.360369],"rotation":{"angle":0.0,"axis":"x","origin":[6.8553667,6.201587,8.587774]},"faces":{"down":{"uv":[5.75,4.875,4.75,6.375],"rotation":0,"texture":"#0","tintindex":0},"east":{"uv":[6.875,10.5,7.625,11.25],"rotation":0,"texture":"#0","tintindex":0},"north":{"uv":[5.75,4.875,4.75,6.375],"rotation":0,"texture":"#0","tintindex":0},"south":{"uv":[6.5,9.0,7.25,10.0],"rotation":0,"texture":"#0","tintindex":0},"up":{"uv":[6.875,10.5,7.625,11.25],"rotation":0,"texture":"#0","tintindex":0},"west":{"uv":[6.875,10.5,7.625,11.25],"rotation":0,"texture":"#0","tintindex":0}}},{"name":"cube","from":[7.46936,6.8155804,7.053603],"to":[8.742826,8.419597,8.2726555],"rotation":{"angle":0.0,"axis":"x","origin":[6.9008484,6.33803,8.90614]},"faces":{"down":{"uv":[0.75,10.75,0.0,11.5],"rotation":0,"texture":"#0","tintindex":0},"east":{"uv":[6.875,10.5,7.625,11.25],"rotation":0,"texture":"#0","tintindex":0},"north":{"uv":[6.875,10.5,7.625,11.25],"rotation":0,"texture":"#0","tintindex":0},"south":{"uv":[8.625,7.625,9.375,8.625],"rotation":0,"texture":"#0","tintindex":0},"up":{"uv":[6.875,10.5,7.625,11.25],"rotation":0,"texture":"#0","tintindex":0},"west":{"uv":[6.875,10.5,7.625,11.25],"rotation":0,"texture":"#0","tintindex":0}}}],"display":{"head":{"translation":[0.0,-6.4,0.0],"rotation":[0.0,0.0,0.0],"scale":[3.8095,3.8095,3.8095]}}}