{"textures":{"0":"modelengine:entity/lion"},"elements":[{"name":"cube","from":[7.4480176,7.3087945,7.723734],"to":[8.446974,8.624087,8.922482],"rotation":{"angle":-22.5,"axis":"x","origin":[7.2648754,7.069045,7.6238384]},"faces":{"down":{"uv":[8.0,9.625,7.25,10.5],"rotation":0,"texture":"#0","tintindex":0},"east":{"uv":[3.25,7.375,4.125,8.375],"rotation":0,"texture":"#0","tintindex":0},"north":{"uv":[6.75,8.0,7.5,9.0],"rotation":0,"texture":"#0","tintindex":0},"south":{"uv":[1.75,8.5,2.5,9.5],"rotation":0,"texture":"#0","tintindex":0},"up":{"uv":[5.125,10.375,4.375,9.5],"rotation":0,"texture":"#0","tintindex":0},"west":{"uv":[7.375,3.25,8.25,4.25],"rotation":0,"texture":"#0","tintindex":0}}},{"name":"cube","from":[7.4646664,7.7849636,8.223212],"to":[8.347078,9.000361,8.73934],"rotation":{"angle":0.0,"axis":"x","origin":[8.713363,6.8359547,7.607189]},"faces":{"down":{"uv":[13.5,2.125,12.875,2.5],"rotation":0,"texture":"#0","tintindex":0},"east":{"uv":[9.75,12.375,10.125,13.25],"rotation":0,"texture":"#0","tintindex":0},"north":{"uv":[11.25,1.25,11.875,2.125],"rotation":0,"texture":"#0","tintindex":0},"south":{"uv":[6.25,11.25,6.875,12.125],"rotation":0,"texture":"#0","tintindex":0},"up":{"uv":[13.5,2.125,12.875,1.75],"rotation":0,"texture":"#0","tintindex":0},"west":{"uv":[12.375,11.125,12.75,12.0],"rotation":0,"texture":"#0","tintindex":0}}}],"display":{"head":{"translation":[0.0,-6.4,0.0],"rotation":[0.0,0.0,0.0],"scale":[3.8095,3.8095,3.8095]}}}