{"textures":{"0":"modelengine:entity/lion"},"elements":[{"name":"cube","from":[7.8193855,7.4800353,6.4640574],"to":[8.687898,8.811977,7.1462717],"rotation":{"angle":22.5,"axis":"x","origin":[8.684087,5.9206877,6.1391935]},"faces":{"down":{"uv":[0.5,12.875,0.0,13.375],"rotation":0,"texture":"#0","tintindex":0},"east":{"uv":[11.25,11.5,11.75,12.5],"rotation":0,"texture":"#0","tintindex":0},"north":{"uv":[10.75,11.5,11.25,12.5],"rotation":0,"texture":"#0","tintindex":0},"south":{"uv":[1.25,11.625,1.75,12.625],"rotation":0,"texture":"#0","tintindex":0},"up":{"uv":[13.25,11.875,12.75,11.375],"rotation":0,"texture":"#0","tintindex":0},"west":{"uv":[1.75,11.625,2.25,12.625],"rotation":0,"texture":"#0","tintindex":0}}},{"name":"cube","from":[7.4658465,6.8871584,6.5452733],"to":[7.5633054,7.082077,6.740192],"rotation":{"angle":22.5,"axis":"y","origin":[7.8069534,6.8871584,5.8793025]},"faces":{"down":{"uv":[2.875,11.75,2.75,11.875],"rotation":0,"texture":"#0","tintindex":0},"east":{"uv":[11.25,2.5,11.375,2.625],"rotation":0,"texture":"#0","tintindex":0},"north":{"uv":[10.625,1.25,10.75,1.375],"rotation":0,"texture":"#0","tintindex":0},"south":{"uv":[11.375,4.5,11.5,4.625],"rotation":0,"texture":"#0","tintindex":0},"up":{"uv":[11.75,5.375,11.625,5.25],"rotation":0,"texture":"#0","tintindex":0},"west":{"uv":[11.5,5.25,11.625,5.375],"rotation":0,"texture":"#0","tintindex":0}}},{"name":"cube","from":[7.6120353,6.9277663,6.5777597],"to":[8.001872,7.2851167,7.065056],"rotation":{"angle":22.5,"axis":"y","origin":[8.001872,6.9277663,6.5777597]},"faces":{"down":{"uv":[5.0,8.375,4.75,8.75],"rotation":0,"texture":"#0","tintindex":0},"east":{"uv":[13.75,4.125,14.125,4.375],"rotation":0,"texture":"#0","tintindex":0},"north":{"uv":[9.625,14.125,9.875,14.375],"rotation":0,"texture":"#0","tintindex":0},"south":{"uv":[10.125,14.125,10.375,14.375],"rotation":0,"texture":"#0","tintindex":0},"up":{"uv":[1.375,6.625,1.125,6.25],"rotation":0,"texture":"#0","tintindex":0},"west":{"uv":[13.75,5.0,14.125,5.25],"rotation":0,"texture":"#0","tintindex":0}}},{"name":"cube","from":[9.073923,6.8871584,6.5452733],"to":[9.171383,7.082077,6.740192],"rotation":{"angle":-22.5,"axis":"y","origin":[8.8790045,6.8871584,5.8793025]},"faces":{"down":{"uv":[9.375,7.5,9.25,7.625],"rotation":0,"texture":"#0","tintindex":0},"east":{"uv":[3.625,6.25,3.75,6.375],"rotation":0,"texture":"#0","tintindex":0},"north":{"uv":[2.5,5.375,2.625,5.5],"rotation":0,"texture":"#0","tintindex":0},"south":{"uv":[5.625,7.875,5.75,8.0],"rotation":0,"texture":"#0","tintindex":0},"up":{"uv":[2.125,8.5,2.0,8.375],"rotation":0,"texture":"#0","tintindex":0},"west":{"uv":[8.125,3.125,8.25,3.25],"rotation":0,"texture":"#0","tintindex":0}}},{"name":"cube","from":[8.684087,6.9277663,6.5777597],"to":[9.00895,7.2851167,7.065056],"rotation":{"angle":-22.5,"axis":"y","origin":[8.684087,6.9277663,6.5777597]},"faces":{"down":{"uv":[11.75,4.875,11.5,5.25],"rotation":0,"texture":"#0","tintindex":0},"east":{"uv":[10.5,13.875,10.875,14.125],"rotation":0,"texture":"#0","tintindex":0},"north":{"uv":[14.125,10.125,14.375,10.375],"rotation":0,"texture":"#0","tintindex":0},"south":{"uv":[10.375,14.125,10.625,14.375],"rotation":0,"texture":"#0","tintindex":0},"up":{"uv":[11.0,7.875,10.75,7.5],"rotation":0,"texture":"#0","tintindex":0},"west":{"uv":[10.875,13.875,11.25,14.125],"rotation":0,"texture":"#0","tintindex":0}}},{"name":"cube","from":[8.148061,6.9277663,6.480301],"to":[8.55414,7.2851167,6.967597],"rotation":{"angle":0.0,"axis":"x","origin":[8.066845,6.9277663,6.480301]},"faces":{"down":{"uv":[13.375,13.625,13.0,14.0],"rotation":0,"texture":"#0","tintindex":0},"east":{"uv":[7.875,13.875,8.25,14.125],"rotation":0,"texture":"#0","tintindex":0},"north":{"uv":[13.875,6.5,14.25,6.75],"rotation":0,"texture":"#0","tintindex":0},"south":{"uv":[13.875,7.875,14.25,8.125],"rotation":0,"texture":"#0","tintindex":0},"up":{"uv":[7.75,4.625,7.375,4.25],"rotation":0,"texture":"#0","tintindex":0},"west":{"uv":[10.125,13.875,10.5,14.125],"rotation":0,"texture":"#0","tintindex":0}}},{"name":"cube","from":[8.310493,6.8871584,6.431571],"to":[8.407952,7.082077,6.6264896],"rotation":{"angle":0.0,"axis":"x","origin":[8.099331,6.8871584,5.781843]},"faces":{"down":{"uv":[3.625,12.625,3.5,12.75],"rotation":0,"texture":"#0","tintindex":0},"east":{"uv":[10.125,12.375,10.25,12.5],"rotation":0,"texture":"#0","tintindex":0},"north":{"uv":[2.875,11.75,3.0,11.875],"rotation":0,"texture":"#0","tintindex":0},"south":{"uv":[12.375,12.0,12.5,12.125],"rotation":0,"texture":"#0","tintindex":0},"up":{"uv":[2.25,12.75,2.125,12.625],"rotation":0,"texture":"#0","tintindex":0},"west":{"uv":[1.125,12.5,1.25,12.625],"rotation":0,"texture":"#0","tintindex":0}}},{"name":"cube","from":[7.83944,6.911523,6.740192],"to":[8.797789,7.25263,7.6660547],"rotation":{"angle":0.0,"axis":"x","origin":[8.684087,5.368419,5.814329]},"faces":{"down":{"uv":[11.0,9.5,10.25,10.25],"rotation":0,"texture":"#0","tintindex":0},"east":{"uv":[7.875,13.25,8.625,13.5],"rotation":0,"texture":"#0","tintindex":0},"north":{"uv":[2.0,13.25,2.75,13.5],"rotation":0,"texture":"#0","tintindex":0},"south":{"uv":[13.25,9.875,14.0,10.125],"rotation":0,"texture":"#0","tintindex":0},"up":{"uv":[11.0,9.5,10.25,8.75],"rotation":0,"texture":"#0","tintindex":0},"west":{"uv":[13.25,11.375,14.0,11.625],"rotation":0,"texture":"#0","tintindex":0}}}],"display":{"head":{"translation":[0.0,-6.4,0.0],"rotation":[0.0,0.0,0.0],"scale":[3.8095,3.8095,3.8095]}}}