{"textures":{"0":"modelengine:entity/lion"},"elements":[{"name":"cube","from":[8.079027,6.8756094,7.625696],"to":[8.712512,8.028877,8.502829],"rotation":{"angle":0.0,"axis":"x","origin":[7.73792,7.18423,7.528237]},"faces":{"down":{"uv":[11.25,1.25,10.75,1.875],"rotation":0,"texture":"#0","tintindex":0},"east":{"uv":[6.875,11.25,7.5,12.125],"rotation":0,"texture":"#0","tintindex":0},"north":{"uv":[3.625,11.875,4.125,12.75],"rotation":0,"texture":"#0","tintindex":0},"south":{"uv":[12.0,1.875,12.5,2.75],"rotation":0,"texture":"#0","tintindex":0},"up":{"uv":[8.125,3.25,7.625,2.625],"rotation":0,"texture":"#0","tintindex":0},"west":{"uv":[7.5,11.25,8.125,12.125],"rotation":0,"texture":"#0","tintindex":0}}},{"name":"cube","from":[8.014054,7.4441214,7.755642],"to":[8.793728,8.483686,8.795206],"rotation":{"angle":-45.0,"axis":"x","origin":[9.216051,7.574067,8.048019]},"faces":{"down":{"uv":[12.375,8.125,11.75,8.875],"rotation":0,"texture":"#0","tintindex":0},"east":{"uv":[10.25,6.75,11.0,7.5],"rotation":0,"texture":"#0","tintindex":0},"north":{"uv":[11.75,5.875,12.375,6.625],"rotation":0,"texture":"#0","tintindex":0},"south":{"uv":[11.75,6.625,12.375,7.375],"rotation":0,"texture":"#0","tintindex":0},"up":{"uv":[12.375,8.125,11.75,7.375],"rotation":0,"texture":"#0","tintindex":0},"west":{"uv":[10.25,8.0,11.0,8.75],"rotation":0,"texture":"#0","tintindex":0}}}],"display":{"head":{"translation":[0.0,-6.4,0.0],"rotation":[0.0,0.0,0.0],"scale":[3.8095,3.8095,3.8095]}}}