{"textures":{"0":"modelengine:entity/lion"},"elements":[{"name":"cube","from":[7.6929216,6.1552362,7.5260367],"to":[8.375543,7.7868657,8.308709],"rotation":{"angle":22.5,"axis":"x","origin":[8.392191,5.3153954,9.3122635]},"faces":{"down":{"uv":[9.125,12.625,8.625,13.125],"rotation":0,"texture":"#0","tintindex":0},"east":{"uv":[5.875,9.75,6.375,11.0],"rotation":0,"texture":"#0","tintindex":0},"north":{"uv":[2.0,9.5,2.5,10.75],"rotation":0,"texture":"#0","tintindex":0},"south":{"uv":[9.75,6.0,10.25,7.25],"rotation":0,"texture":"#0","tintindex":0},"up":{"uv":[7.875,13.125,7.375,12.625],"rotation":0,"texture":"#0","tintindex":0},"west":{"uv":[9.75,8.0,10.25,9.25],"rotation":0,"texture":"#0","tintindex":0}}},{"name":"cube","from":[7.7595186,7.3590803,7.675624],"to":[8.325594,8.208351,9.14076],"rotation":{"angle":22.5,"axis":"x","origin":[4.696051,8.369835,9.159681]},"faces":{"down":{"uv":[8.25,12.125,7.875,13.25],"rotation":0,"texture":"#0","tintindex":0},"east":{"uv":[10.25,2.625,11.375,3.125],"rotation":0,"texture":"#0","tintindex":0},"north":{"uv":[6.875,10.0,7.25,10.5],"rotation":0,"texture":"#0","tintindex":0},"south":{"uv":[8.625,13.125,9.0,13.625],"rotation":0,"texture":"#0","tintindex":0},"up":{"uv":[4.5,13.0,4.125,11.875],"rotation":0,"texture":"#0","tintindex":0},"west":{"uv":[10.25,10.25,11.375,10.75],"rotation":0,"texture":"#0","tintindex":0}}},{"name":"cube","from":[7.5264287,6.395585,7.858616],"to":[8.508736,6.74522,8.807625],"rotation":{"angle":0.0,"axis":"x","origin":[8.033767,6.3321958,8.516199]},"faces":{"down":{"uv":[5.0,10.375,4.25,11.125],"rotation":0,"texture":"#0","tintindex":0},"east":{"uv":[13.375,0.0,14.125,0.25],"rotation":0,"texture":"#0","tintindex":0},"north":{"uv":[0.0,13.375,0.75,13.625],"rotation":0,"texture":"#0","tintindex":0},"south":{"uv":[13.375,0.25,14.125,0.5],"rotation":0,"texture":"#0","tintindex":0},"up":{"uv":[11.125,0.75,10.375,0.0],"rotation":0,"texture":"#0","tintindex":0},"west":{"uv":[13.375,0.5,14.125,0.75],"rotation":0,"texture":"#0","tintindex":0}}},{"name":"cube","from":[8.140837,6.370611,7.5662317],"to":[8.240733,6.570402,7.766023],"rotation":{"angle":-22.5,"axis":"y","origin":[8.033767,6.3321958,8.566147]},"faces":{"down":{"uv":[13.875,9.25,13.75,9.375],"rotation":0,"texture":"#0","tintindex":0},"east":{"uv":[8.5,13.5,8.625,13.625],"rotation":0,"texture":"#0","tintindex":0},"north":{"uv":[8.375,13.5,8.5,13.625],"rotation":0,"texture":"#0","tintindex":0},"south":{"uv":[12.375,13.5,12.5,13.625],"rotation":0,"texture":"#0","tintindex":0},"up":{"uv":[13.75,8.25,13.625,8.125],"rotation":0,"texture":"#0","tintindex":0},"west":{"uv":[13.625,4.625,13.75,4.75],"rotation":0,"texture":"#0","tintindex":0}}},{"name":"cube","from":[8.009258,6.370611,7.5422792],"to":[8.109154,6.570402,7.7420707],"rotation":{"angle":0.0,"axis":"x","origin":[8.033767,6.3321958,8.566147]},"faces":{"down":{"uv":[13.625,8.125,13.5,8.25],"rotation":0,"texture":"#0","tintindex":0},"east":{"uv":[0.625,13.25,0.75,13.375],"rotation":0,"texture":"#0","tintindex":0},"north":{"uv":[0.5,13.25,0.625,13.375],"rotation":0,"texture":"#0","tintindex":0},"south":{"uv":[13.375,5.5,13.5,5.625],"rotation":0,"texture":"#0","tintindex":0},"up":{"uv":[13.625,4.75,13.5,4.625],"rotation":0,"texture":"#0","tintindex":0},"west":{"uv":[11.625,13.375,11.75,13.5],"rotation":0,"texture":"#0","tintindex":0}}},{"name":"cube","from":[7.8097434,6.370611,7.572959],"to":[7.9096394,6.570402,7.77275],"rotation":{"angle":22.5,"axis":"y","origin":[8.033767,6.3321958,8.566147]},"faces":{"down":{"uv":[13.125,8.25,13.0,8.375],"rotation":0,"texture":"#0","tintindex":0},"east":{"uv":[12.75,11.875,12.875,12.0],"rotation":0,"texture":"#0","tintindex":0},"north":{"uv":[12.75,7.5,12.875,7.625],"rotation":0,"texture":"#0","tintindex":0},"south":{"uv":[12.875,8.25,13.0,8.375],"rotation":0,"texture":"#0","tintindex":0},"up":{"uv":[6.125,13.125,6.0,13.0],"rotation":0,"texture":"#0","tintindex":0},"west":{"uv":[12.875,11.875,13.0,12.0],"rotation":0,"texture":"#0","tintindex":0}}},{"name":"cube","from":[7.634645,6.4122343,7.6244164],"to":[8.034227,6.7785187,8.123895],"rotation":{"angle":22.5,"axis":"y","origin":[8.033767,6.3321958,8.516199]},"faces":{"down":{"uv":[4.125,14.0,3.875,14.375],"rotation":0,"texture":"#0","tintindex":0},"east":{"uv":[1.375,14.0,1.75,14.25],"rotation":0,"texture":"#0","tintindex":0},"north":{"uv":[14.125,11.0,14.375,11.25],"rotation":0,"texture":"#0","tintindex":0},"south":{"uv":[11.125,14.125,11.375,14.375],"rotation":0,"texture":"#0","tintindex":0},"up":{"uv":[2.625,14.375,2.375,14.0],"rotation":0,"texture":"#0","tintindex":0},"west":{"uv":[1.75,14.0,2.125,14.25],"rotation":0,"texture":"#0","tintindex":0}}},{"name":"cube","from":[7.842765,6.4122343,7.592227],"to":[8.258997,6.7785187,8.091705],"rotation":{"angle":0.0,"axis":"x","origin":[8.033767,6.3321958,8.516199]},"faces":{"down":{"uv":[14.125,4.625,13.75,5.0],"rotation":0,"texture":"#0","tintindex":0},"east":{"uv":[13.375,13.875,13.75,14.125],"rotation":0,"texture":"#0","tintindex":0},"north":{"uv":[12.625,13.875,13.0,14.125],"rotation":0,"texture":"#0","tintindex":0},"south":{"uv":[13.75,13.875,14.125,14.125],"rotation":0,"texture":"#0","tintindex":0},"up":{"uv":[3.875,14.125,3.5,13.75],"rotation":0,"texture":"#0","tintindex":0},"west":{"uv":[0.0,14.0,0.375,14.25],"rotation":0,"texture":"#0","tintindex":0}}},{"name":"cube","from":[8.049547,6.4122343,7.617689],"to":[8.382533,6.7785187,8.1171665],"rotation":{"angle":-22.5,"axis":"y","origin":[8.033767,6.3321958,8.516199]},"faces":{"down":{"uv":[12.625,13.875,12.375,14.25],"rotation":0,"texture":"#0","tintindex":0},"east":{"uv":[11.25,13.875,11.625,14.125],"rotation":0,"texture":"#0","tintindex":0},"north":{"uv":[10.625,14.125,10.875,14.375],"rotation":0,"texture":"#0","tintindex":0},"south":{"uv":[10.875,14.125,11.125,14.375],"rotation":0,"texture":"#0","tintindex":0},"up":{"uv":[0.75,13.25,0.5,12.875],"rotation":0,"texture":"#0","tintindex":0},"west":{"uv":[11.625,13.875,12.0,14.125],"rotation":0,"texture":"#0","tintindex":0}}}],"display":{"head":{"translation":[0.0,-6.4,0.0],"rotation":[0.0,0.0,0.0],"scale":[3.8095,3.8095,3.8095]}}}