{"textures":{"0":"modelengine:entity/rhino"},"elements":[{"name":"cube","from":[7.19264,0.78850865,2.437337],"to":[9.55736,3.3812296,5.0686965],"rotation":{"angle":45.0,"axis":"x","origin":[8.45,2.5348692,3.153016]},"faces":{"down":{"uv":[9.375,10.5,9.125,10.75],"rotation":0,"texture":"#0","tintindex":0},"east":{"uv":[10.5,6.375,10.75,6.625],"rotation":0,"texture":"#0","tintindex":0},"north":{"uv":[6.3125,10.5,6.5625,10.75],"rotation":0,"texture":"#0","tintindex":0},"south":{"uv":[6.5625,10.5,6.8125,10.75],"rotation":0,"texture":"#0","tintindex":0},"up":{"uv":[9.125,10.75,8.875,10.5],"rotation":0,"texture":"#0","tintindex":0},"west":{"uv":[10.5,6.625,10.75,6.875],"rotation":0,"texture":"#0","tintindex":0}}},{"name":"cube","from":[7.49264,1.8729658,1.2462782],"to":[9.25736,3.8656855,3.277639],"rotation":{"angle":-22.5,"axis":"x","origin":[8.45,2.8693252,1.9619573]},"faces":{"down":{"uv":[10.25,7.0625,10.0625,7.25],"rotation":0,"texture":"#0","tintindex":0},"east":{"uv":[8.625,0.5,8.8125,0.6875],"rotation":0,"texture":"#0","tintindex":0},"north":{"uv":[8.4375,0.5,8.625,0.6875],"rotation":0,"texture":"#0","tintindex":0},"south":{"uv":[2.5,9.375,2.6875,9.5625],"rotation":0,"texture":"#0","tintindex":0},"up":{"uv":[10.0625,6.625,9.875,6.4375],"rotation":0,"texture":"#0","tintindex":0},"west":{"uv":[9.6875,6.4375,9.875,6.625],"rotation":0,"texture":"#0","tintindex":0}}},{"name":"cube","from":[7.7926397,3.224527,1.107585],"to":[8.95736,4.7672462,2.3889456],"rotation":{"angle":0.0,"axis":"x","origin":[8.45,3.770886,0.84826636]},"faces":{"down":{"uv":[9.375,5.0625,9.25,5.1875],"rotation":0,"texture":"#0","tintindex":0},"east":{"uv":[7.5,6.0625,7.625,6.25],"rotation":0,"texture":"#0","tintindex":0},"north":{"uv":[6.1875,4.3125,6.3125,4.5],"rotation":0,"texture":"#0","tintindex":0},"south":{"uv":[7.5,6.25,7.625,6.4375],"rotation":0,"texture":"#0","tintindex":0},"up":{"uv":[9.3125,1.5,9.1875,1.375],"rotation":0,"texture":"#0","tintindex":0},"west":{"uv":[5.0625,8.875,5.1875,9.0625],"rotation":0,"texture":"#0","tintindex":0}}},{"name":"cube","from":[6.5654263,3.6370988,-1.171277],"to":[9.583973,6.453926,2.1442366],"rotation":{"angle":45.0,"axis":"x","origin":[8.1497,3.4786005,-7.4480066]},"faces":{"down":{"uv":[9.1875,1.125,8.875,1.5],"rotation":0,"texture":"#0","tintindex":0},"east":{"uv":[5.375,0.9375,5.75,1.25],"rotation":0,"texture":"#0","tintindex":0},"north":{"uv":[1.125,3.8125,1.4375,4.125],"rotation":0,"texture":"#0","tintindex":0},"south":{"uv":[10.5,4.875,10.8125,5.1875],"rotation":0,"texture":"#0","tintindex":0},"up":{"uv":[4.875,7.9375,4.5625,7.5625],"rotation":0,"texture":"#0","tintindex":0},"west":{"uv":[6.6875,4.0,7.0625,4.3125],"rotation":0,"texture":"#0","tintindex":0}}},{"name":"cube","from":[6.943426,-1.089088,-3.3088026],"to":[9.205975,2.921739,-0.8992877],"rotation":{"angle":-22.5,"axis":"x","origin":[8.1497,0.91632557,-2.6290464]},"faces":{"down":{"uv":[10.8125,7.9375,10.5625,8.1875],"rotation":0,"texture":"#0","tintindex":0},"east":{"uv":[8.875,7.3125,9.125,7.75],"rotation":0,"texture":"#0","tintindex":0},"north":{"uv":[4.8125,8.875,5.0625,9.3125],"rotation":0,"texture":"#0","tintindex":0},"south":{"uv":[1.875,8.9375,2.125,9.375],"rotation":0,"texture":"#0","tintindex":0},"up":{"uv":[10.8125,7.9375,10.5625,7.6875],"rotation":0,"texture":"#0","tintindex":0},"west":{"uv":[4.5,9.5625,4.75,10.0],"rotation":0,"texture":"#0","tintindex":0}}},{"name":"cube","from":[7.3214264,2.262367,-3.698721],"to":[8.827974,5.067195,-1.7842069],"rotation":{"angle":0.0,"axis":"x","origin":[7.6997004,2.839781,-2.1414638]},"faces":{"down":{"uv":[6.6875,3.1875,6.5,3.375],"rotation":0,"texture":"#0","tintindex":0},"east":{"uv":[6.8125,10.5,7.0,10.8125],"rotation":0,"texture":"#0","tintindex":0},"north":{"uv":[2.6875,8.5625,2.875,8.875],"rotation":0,"texture":"#0","tintindex":0},"south":{"uv":[2.5,10.625,2.6875,10.9375],"rotation":0,"texture":"#0","tintindex":0},"up":{"uv":[1.0,6.375,0.8125,6.1875],"rotation":0,"texture":"#0","tintindex":0},"west":{"uv":[2.6875,10.625,2.875,10.9375],"rotation":0,"texture":"#0","tintindex":0}}},{"name":"cube","from":[4.34264,1.9036679,5.7364035],"to":[11.65736,9.446386,13.917763],"rotation":{"angle":0.0,"axis":"x","origin":[8.0,5.4929714,8.828623]},"faces":{"down":{"uv":[8.1875,7.3125,7.4375,8.1875],"rotation":0,"texture":"#0","tintindex":0},"east":{"uv":[5.875,10.0,6.4375,10.5],"rotation":270,"texture":"#0","tintindex":0},"north":{"uv":[7.6875,3.125,8.4375,3.9375],"rotation":0,"texture":"#0","tintindex":0},"south":{"uv":[5.5,7.75,6.25,8.5625],"rotation":0,"texture":"#0","tintindex":0},"up":{"uv":[5.875,10.0,6.4375,10.5],"rotation":270,"texture":"#0","tintindex":0},"west":{"uv":[5.875,10.0,6.4375,10.5],"rotation":270,"texture":"#0","tintindex":0}}},{"name":"cube","from":[3.47624,2.6331706,0.051624775],"to":[12.71816,5.97589,3.3837862],"rotation":{"angle":45.0,"axis":"x","origin":[8.0,-2.5680537,3.94813]},"faces":{"down":{"uv":[10.5,4.1875,9.5625,4.5625],"rotation":0,"texture":"#0","tintindex":0},"east":{"uv":[3.125,2.25,3.5,2.625],"rotation":0,"texture":"#0","tintindex":0},"north":{"uv":[9.375,5.625,10.3125,6.0],"rotation":0,"texture":"#0","tintindex":0},"south":{"uv":[9.5625,3.4375,10.5,3.8125],"rotation":0,"texture":"#0","tintindex":0},"up":{"uv":[10.5,4.1875,9.5625,3.8125],"rotation":0,"texture":"#0","tintindex":0},"west":{"uv":[3.9375,0.75,4.3125,1.125],"rotation":0,"texture":"#0","tintindex":0}}},{"name":"cube","from":[3.7305677,6.6973853,4.4441624],"to":[5.9224873,8.090106,9.126323],"rotation":{"angle":22.5,"axis":"y","origin":[2.6222003,7.168746,5.880632]},"faces":{"down":{"uv":[3.125,7.625,2.875,8.125],"rotation":0,"texture":"#0","tintindex":0},"east":{"uv":[4.6875,4.5,5.1875,4.625],"rotation":0,"texture":"#0","tintindex":0},"north":{"uv":[2.875,8.125,3.125,8.25],"rotation":0,"texture":"#0","tintindex":0},"south":{"uv":[5.1875,8.4375,5.4375,8.5625],"rotation":0,"texture":"#0","tintindex":0},"up":{"uv":[3.5,4.625,3.25,4.125],"rotation":0,"texture":"#0","tintindex":0},"west":{"uv":[8.25,5.1875,8.75,5.3125],"rotation":0,"texture":"#0","tintindex":0}}},{"name":"cube","from":[10.170202,6.6973853,5.362602],"to":[12.362122,8.090106,10.044764],"rotation":{"angle":-22.5,"axis":"y","origin":[15.6878,7.168746,5.880632]},"faces":{"down":{"uv":[3.5625,8.875,3.3125,9.375],"rotation":0,"texture":"#0","tintindex":0},"east":{"uv":[9.5625,4.9375,10.0625,5.0625],"rotation":0,"texture":"#0","tintindex":0},"north":{"uv":[8.75,2.3125,9.0,2.4375],"rotation":0,"texture":"#0","tintindex":0},"south":{"uv":[9.0,5.0625,9.25,5.1875],"rotation":0,"texture":"#0","tintindex":0},"up":{"uv":[5.4375,8.4375,5.1875,7.9375],"rotation":0,"texture":"#0","tintindex":0},"west":{"uv":[10.5,6.875,11.0,7.0],"rotation":0,"texture":"#0","tintindex":0}}},{"name":"cube","from":[10.602003,7.154601,2.4476113],"to":[12.643924,8.097321,4.1297717],"rotation":{"angle":22.5,"axis":"x","origin":[11.622964,7.0956306,3.30689]},"faces":{"down":{"uv":[10.875,2.0625,10.6875,2.25],"rotation":0,"texture":"#0","tintindex":0},"east":{"uv":[9.375,3.4375,9.5625,3.5625],"rotation":0,"texture":"#0","tintindex":0},"north":{"uv":[9.375,0.375,9.5625,0.5],"rotation":0,"texture":"#0","tintindex":0},"south":{"uv":[8.875,9.4375,9.0625,9.5625],"rotation":0,"texture":"#0","tintindex":0},"up":{"uv":[10.4375,7.25,10.25,7.0625],"rotation":0,"texture":"#0","tintindex":0},"west":{"uv":[9.5625,1.0,9.75,1.125],"rotation":0,"texture":"#0","tintindex":0}}},{"name":"cube","from":[3.2520034,7.154601,2.4476113],"to":[5.2939234,8.097321,4.1297717],"rotation":{"angle":22.5,"axis":"x","origin":[11.622964,7.0956306,3.30689]},"faces":{"down":{"uv":[7.5625,10.75,7.375,10.9375],"rotation":0,"texture":"#0","tintindex":0},"east":{"uv":[10.6875,5.4375,10.875,5.5625],"rotation":0,"texture":"#0","tintindex":0},"north":{"uv":[9.75,1.0,9.9375,1.125],"rotation":0,"texture":"#0","tintindex":0},"south":{"uv":[7.5625,10.75,7.75,10.875],"rotation":0,"texture":"#0","tintindex":0},"up":{"uv":[7.375,10.9375,7.1875,10.75],"rotation":0,