{"textures":{"0":"modelengine:entity/rhino"},"elements":[{"name":"cube","from":[5.48,3.2299993,4.73],"to":[12.08,9.05,10.16],"rotation":{"angle":0.0,"axis":"x","origin":[8.780001,8.57,6.5599995]},"faces":{"down":{"uv":[10.0625,5.0625,9.375,5.625],"rotation":0,"texture":"#0","tintindex":0},"east":{"uv":[0.6875,9.5,1.25,10.125],"rotation":0,"texture":"#0","tintindex":0},"north":{"uv":[5.75,8.8125,6.4375,9.4375],"rotation":0,"texture":"#0","tintindex":0},"south":{"uv":[6.4375,8.8125,7.125,9.4375],"rotation":0,"texture":"#0","tintindex":0},"up":{"uv":[10.0,2.3125,9.3125,1.75],"rotation":0,"texture":"#0","tintindex":0},"west":{"uv":[9.5,6.625,10.0625,7.25],"rotation":0,"texture":"#0","tintindex":0}}},{"name":"cube","from":[5.66,-2.5600004,4.0099993],"to":[11.900001,0.43999958,10.31],"rotation":{"angle":0.0,"axis":"x","origin":[8.780001,2.8699996,7.8199997]},"faces":{"down":{"uv":[9.9375,1.125,9.3125,1.75],"rotation":0,"texture":"#0","tintindex":0},"east":{"uv":[1.5,10.4375,2.125,10.75],"rotation":0,"texture":"#0","tintindex":0},"north":{"uv":[0.875,10.4375,1.5,10.75],"rotation":0,"texture":"#0","tintindex":0},"south":{"uv":[4.375,10.4375,5.0,10.75],"rotation":0,"texture":"#0","tintindex":0},"up":{"uv":[9.6875,6.625,9.0625,6.0],"rotation":0,"texture":"#0","tintindex":0},"west":{"uv":[5.0,10.4375,5.625,10.75],"rotation":0,"texture":"#0","tintindex":0}}},{"name":"cube","from":[6.08,-2.230001,4.79],"to":[11.4800005,5.5699997,9.950001],"rotation":{"angle":0.0,"axis":"x","origin":[8.780001,1.6699996,7.8199997]},"faces":{"down":{"uv":[10.25,8.4375,9.6875,9.0],"rotation":0,"texture":"#0","tintindex":0},"east":{"uv":[2.125,8.5625,2.6875,9.375],"rotation":0,"texture":"#0","tintindex":0},"north":{"uv":[0.0,8.4375,0.5625,9.25],"rotation":0,"texture":"#0","tintindex":0},"south":{"uv":[5.1875,8.5625,5.75,9.375],"rotation":0,"texture":"#0","tintindex":0},"up":{"uv":[1.8125,10.1875,1.25,9.625],"rotation":0,"texture":"#0","tintindex":0},"west":{"uv":[8.5625,7.8125,9.125,8.625],"rotation":0,"texture":"#0","tintindex":0}}},{"name":"cube","from":[5.66,-2.5600004,3.5900002],"to":[7.46,-0.34000063,4.37],"rotation":{"angle":22.5,"axis":"y","origin":[6.56,-1.6000004,3.98]},"faces":{"down":{"uv":[6.5,5.375,6.3125,5.4375],"rotation":0,"texture":"#0","tintindex":0},"east":{"uv":[1.0625,5.0625,1.125,5.3125],"rotation":0,"texture":"#0","tintindex":0},"north":{"uv":[10.625,10.375,10.8125,10.625],"rotation":0,"texture":"#0","tintindex":0},"south":{"uv":[10.625,10.625,10.8125,10.875],"rotation":0,"texture":"#0","tintindex":0},"up":{"uv":[4.125,5.9375,3.9375,5.875],"rotation":0,"texture":"#0","tintindex":0},"west":{"uv":[3.1875,5.4375,3.25,5.6875],"rotation":0,"texture":"#0","tintindex":0}}},{"name":"cube","from":[7.8199997,-2.5600004,3.23],"to":[9.62,-0.34000063,4.0099993],"rotation":{"angle":0.0,"axis":"x","origin":[8.780001,2.8699996,7.8199997]},"faces":{"down":{"uv":[3.5,2.625,3.3125,2.6875],"rotation":0,"texture":"#0","tintindex":0},"east":{"uv":[3.5,2.25,3.5625,2.5],"rotation":0,"texture":"#0","tintindex":0},"north":{"uv":[5.75,7.5,5.9375,7.75],"rotation":0,"texture":"#0","tintindex":0},"south":{"uv":[1.625,10.1875,1.8125,10.4375],"rotation":0,"texture":"#0","tintindex":0},"up":{"uv":[3.3125,2.6875,3.125,2.625],"rotation":0,"texture":"#0","tintindex":0},"west":{"uv":[3.5,4.125,3.5625,4.375],"rotation":0,"texture":"#0","tintindex":0}}},{"name":"cube","from":[10.1,-2.5600004,3.5900002],"to":[11.900001,-0.34000063,4.37],"rotation":{"angle":-22.5,"axis":"y","origin":[11.0,-1.6000004,3.98]},"faces":{"down":{"uv":[4.75,2.1875,4.5625,2.25],"rotation":0,"texture":"#0","tintindex":0},"east":{"uv":[4.3125,0.75,4.375,1.0],"rotation":0,"texture":"#0","tintindex":0},"north":{"uv":[10.5625,8.1875,10.75,8.4375],"rotation":0,"texture":"#0","tintindex":0},"south":{"uv":[2.875,10.625,3.0625,10.875],"rotation":0,"texture":"#0","tintindex":0},"up":{"uv":[4.5625,2.25,4.375,2.1875],"rotation":0,"texture":"#0","tintindex":0},"west":{"uv":[3.5,4.375,3.5625,4.625],"rotation":0,"texture":"#0","tintindex":0}}}],"display":{"head":{"translation":[0.0,-6.4,0.0],"rotation":[0.0,0.0,0.0],"scale":[3.8095,3.8095,3.8095]}}}