{"textures":{"0":"modelengine:entity/rhino"},"elements":[{"name":"cube","from":[4.5199995,4.6699996,7.0099993],"to":[11.120001,9.11,13.13],"rotation":{"angle":0.0,"axis":"x","origin":[7.8199997,13.46,5.99]},"faces":{"down":{"uv":[0.5625,8.875,1.25,9.5],"rotation":0,"texture":"#0","tintindex":0},"east":{"uv":[7.625,10.0,7.0,10.4375],"rotation":0,"texture":"#0","tintindex":0},"north":{"uv":[2.5,10.0,1.8125,10.4375],"rotation":0,"texture":"#0","tintindex":0},"south":{"uv":[10.6875,1.8125,10.0,2.25],"rotation":0,"texture":"#0","tintindex":0},"up":{"uv":[8.875,1.125,9.5625,0.5],"rotation":0,"texture":"#0","tintindex":0},"west":{"uv":[3.125,1.125,2.5,1.5625],"rotation":0,"texture":"#0","tintindex":0}}},{"name":"cube","from":[4.7,-0.16000056,7.0699997],"to":[10.940001,2.8399997,13.37],"rotation":{"angle":0.0,"axis":"x","origin":[7.8199997,5.2699995,10.879999]},"faces":{"down":{"uv":[4.1875,8.875,4.8125,9.5625],"rotation":0,"texture":"#0","tintindex":0},"east":{"uv":[11.0,5.5625,10.3125,5.875],"rotation":0,"texture":"#0","tintindex":0},"north":{"uv":[8.25,10.4375,7.625,10.75],"rotation":0,"texture":"#0","tintindex":0},"south":{"uv":[8.875,10.4375,8.25,10.75],"rotation":0,"texture":"#0","tintindex":0},"up":{"uv":[2.6875,9.5625,3.3125,8.875],"rotation":0,"texture":"#0","tintindex":0},"west":{"uv":[11.0,2.5,10.3125,2.8125],"rotation":0,"texture":"#0","tintindex":0}}},{"name":"cube","from":[5.12,0.3199997,8.66],"to":[10.52,7.67,13.07],"rotation":{"angle":0.0,"axis":"x","origin":[7.8199997,4.97,10.940001]},"faces":{"down":{"uv":[2.5,10.1875,3.0625,10.625],"rotation":0,"texture":"#0","tintindex":0},"east":{"uv":[4.8125,1.25,4.375,2.0],"rotation":0,"texture":"#0","tintindex":0},"north":{"uv":[9.5625,3.5625,9.0,4.3125],"rotation":0,"texture":"#0","tintindex":0},"south":{"uv":[9.5625,4.3125,9.0,5.0625],"rotation":0,"texture":"#0","tintindex":0},"up":{"uv":[3.0625,10.5625,3.625,10.125],"rotation":0,"texture":"#0","tintindex":0},"west":{"uv":[4.375,0.0,3.9375,0.75],"rotation":0,"texture":"#0","tintindex":0}}},{"name":"cube","from":[9.139999,-0.16000056,6.6499996],"to":[10.940001,2.0599995,7.4299994],"rotation":{"angle":-22.5,"axis":"y","origin":[10.04,0.7999997,7.04]},"faces":{"down":{"uv":[7.875,3.9375,8.0625,4.0],"rotation":0,"texture":"#0","tintindex":0},"east":{"uv":[7.125,4.0,7.0625,4.25],"rotation":0,"texture":"#0","tintindex":0},"north":{"uv":[1.8125,10.75,1.625,11.0],"rotation":0,"texture":"#0","tintindex":0},"south":{"uv":[2.0,10.75,1.8125,11.0],"rotation":0,"texture":"#0","tintindex":0},"up":{"uv":[7.8125,7.3125,8.0,7.25],"rotation":0,"texture":"#0","tintindex":0},"west":{"uv":[5.9375,6.9375,5.875,7.1875],"rotation":0,"texture":"#0","tintindex":0}}},{"name":"cube","from":[6.98,-0.16000056,6.29],"to":[8.780001,2.0599995,7.0699997],"rotation":{"angle":0.0,"axis":"x","origin":[7.8199997,5.2699995,10.879999]},"faces":{"down":{"uv":[8.0,7.25,8.1875,7.3125],"rotation":0,"texture":"#0","tintindex":0},"east":{"uv":[5.5,7.9375,5.4375,8.1875],"rotation":0,"texture":"#0","tintindex":0},"north":{"uv":[3.75,10.75,3.5625,11.0],"rotation":0,"texture":"#0","tintindex":0},"south":{"uv":[3.9375,10.75,3.75,11.0],"rotation":0,"texture":"#0","tintindex":0},"up":{"uv":[7.875,6.0625,8.0625,6.0],"rotation":0,"texture":"#0","tintindex":0},"west":{"uv":[5.9375,7.1875,5.875,7.4375],"rotation":0,"texture":"#0","tintindex":0}}},{"name":"cube","from":[4.7,-0.16000056,6.6499996],"to":[6.5,2.0599995,7.4299994],"rotation":{"angle":22.5,"axis":"y","origin":[5.6,0.7999997,7.04]},"faces":{"down":{"uv":[8.0625,3.9375,8.25,4.0],"rotation":0,"texture":"#0","tintindex":0},"east":{"uv":[5.5,8.1875,5.4375,8.4375],"rotation":0,"texture":"#0","tintindex":0},"north":{"uv":[4.125,10.75,3.9375,11.0],"rotation":0,"texture":"#0","tintindex":0},"south":{"uv":[4.5625,10.75,4.375,11.0],"rotation":0,"texture":"#0","tintindex":0},"up":{"uv":[3.75,8.125,3.9375,8.0625],"rotation":0,"texture":"#0","tintindex":0},"west":{"uv":[8.1875,7.0,8.125,7.25],"rotation":0,"texture":"#0","tintindex":0}}}],"display":{"head":{"translation":[0.0,-6.4,0.0],"rotation":[0.0,0.0,0.0],"scale":[3.8095,3.8095,3.8095]}}}