{"textures":{"0":"modelengine:entity/rhino"},"elements":[{"name":"cube","from":[4.8799996,4.5199995,5.66],"to":[11.4800005,8.959999,11.78],"rotation":{"angle":0.0,"axis":"x","origin":[8.179999,13.31,4.6399994]},"faces":{"down":{"uv":[1.25,8.875,0.5625,9.5],"rotation":0,"texture":"#0","tintindex":0},"east":{"uv":[2.5,1.125,3.125,1.5625],"rotation":0,"texture":"#0","tintindex":0},"north":{"uv":[1.8125,10.0,2.5,10.4375],"rotation":0,"texture":"#0","tintindex":0},"south":{"uv":[10.0,1.8125,10.6875,2.25],"rotation":0,"texture":"#0","tintindex":0},"up":{"uv":[9.5625,1.125,8.875,0.5],"rotation":0,"texture":"#0","tintindex":0},"west":{"uv":[7.0,10.0,7.625,10.4375],"rotation":0,"texture":"#0","tintindex":0}}},{"name":"cube","from":[5.06,-0.31000066,5.72],"to":[11.3,2.6899996,12.0199995],"rotation":{"angle":0.0,"axis":"x","origin":[8.179999,5.12,9.53]},"faces":{"down":{"uv":[4.8125,8.875,4.1875,9.5625],"rotation":0,"texture":"#0","tintindex":0},"east":{"uv":[10.3125,2.5,11.0,2.8125],"rotation":0,"texture":"#0","tintindex":0},"north":{"uv":[7.625,10.4375,8.25,10.75],"rotation":0,"texture":"#0","tintindex":0},"south":{"uv":[8.25,10.4375,8.875,10.75],"rotation":0,"texture":"#0","tintindex":0},"up":{"uv":[3.3125,9.5625,2.6875,8.875],"rotation":0,"texture":"#0","tintindex":0},"west":{"uv":[10.3125,5.5625,11.0,5.875],"rotation":0,"texture":"#0","tintindex":0}}},{"name":"cube","from":[5.4799995,0.1699996,7.3100004],"to":[10.88,7.52,11.719999],"rotation":{"angle":0.0,"axis":"x","origin":[8.179999,4.8199997,9.59]},"faces":{"down":{"uv":[3.0625,10.1875,2.5,10.625],"rotation":0,"texture":"#0","tintindex":0},"east":{"uv":[3.9375,0.0,4.375,0.75],"rotation":0,"texture":"#0","tintindex":0},"north":{"uv":[9.0,3.5625,9.5625,4.3125],"rotation":0,"texture":"#0","tintindex":0},"south":{"uv":[9.0,4.3125,9.5625,5.0625],"rotation":0,"texture":"#0","tintindex":0},"up":{"uv":[3.625,10.5625,3.0625,10.125],"rotation":0,"texture":"#0","tintindex":0},"west":{"uv":[4.375,1.25,4.8125,2.0],"rotation":0,"texture":"#0","tintindex":0}}},{"name":"cube","from":[5.06,-0.31000066,5.3],"to":[6.8599997,1.9099994,6.0799994],"rotation":{"angle":22.5,"axis":"y","origin":[5.96,0.6499996,5.6899996]},"faces":{"down":{"uv":[8.0625,3.9375,7.875,4.0],"rotation":0,"texture":"#0","tintindex":0},"east":{"uv":[5.875,6.9375,5.9375,7.1875],"rotation":0,"texture":"#0","tintindex":0},"north":{"uv":[1.625,10.75,1.8125,11.0],"rotation":0,"texture":"#0","tintindex":0},"south":{"uv":[1.8125,10.75,2.0,11.0],"rotation":0,"texture":"#0","tintindex":0},"up":{"uv":[8.0,7.3125,7.8125,7.25],"rotation":0,"texture":"#0","tintindex":0},"west":{"uv":[7.0625,4.0,7.125,4.25],"rotation":0,"texture":"#0","tintindex":0}}},{"name":"cube","from":[7.22,-0.31000066,4.9399996],"to":[9.02,1.9099994,5.72],"rotation":{"angle":0.0,"axis":"x","origin":[8.179999,5.12,9.53]},"faces":{"down":{"uv":[8.1875,7.25,8.0,7.3125],"rotation":0,"texture":"#0","tintindex":0},"east":{"uv":[5.875,7.1875,5.9375,7.4375],"rotation":0,"texture":"#0","tintindex":0},"north":{"uv":[3.5625,10.75,3.75,11.0],"rotation":0,"texture":"#0","tintindex":0},"south":{"uv":[3.75,10.75,3.9375,11.0],"rotation":0,"texture":"#0","tintindex":0},"up":{"uv":[8.0625,6.0625,7.875,6.0],"rotation":0,"texture":"#0","tintindex":0},"west":{"uv":[5.4375,7.9375,5.5,8.1875],"rotation":0,"texture":"#0","tintindex":0}}},{"name":"cube","from":[9.5,-0.31000066,5.3],"to":[11.3,1.9099994,6.0799994],"rotation":{"angle":-22.5,"axis":"y","origin":[10.4,0.6499996,5.6899996]},"faces":{"down":{"uv":[8.25,3.9375,8.0625,4.0],"rotation":0,"texture":"#0","tintindex":0},"east":{"uv":[8.125,7.0,8.1875,7.25],"rotation":0,"texture":"#0","tintindex":0},"north":{"uv":[3.9375,10.75,4.125,11.0],"rotation":0,"texture":"#0","tintindex":0},"south":{"uv":[4.375,10.75,4.5625,11.0],"rotation":0,"texture":"#0","tintindex":0},"up":{"uv":[3.9375,8.125,3.75,8.0625],"rotation":0,"texture":"#0","tintindex":0},"west":{"uv":[5.4375,8.1875,5.5,8.4375],"rotation":0,"texture":"#0","tintindex":0}}}],"display":{"head":{"translation":[0.0,-6.4,0.0],"rotation":[0.0,0.0,0.0],"scale":[3.8095,3.8095,3.8095]}}}