{"textures":{"0":"modelengine:entity/rhino"},"elements":[{"name":"cube","from":[4.34,-2.3841858E-7,6.575],"to":[11.84,4.38,12.515],"rotation":{"angle":-22.5,"axis":"x","origin":[3.3799999,1.8900003,9.619999]},"faces":{"down":{"uv":[9.0,4.5625,8.25,5.1875],"rotation":0,"texture":"#0","tintindex":0},"east":{"uv":[7.625,10.0,8.25,10.4375],"rotation":0,"texture":"#0","tintindex":0},"north":{"uv":[6.75,6.0625,7.5,6.5],"rotation":0,"texture":"#0","tintindex":0},"south":{"uv":[3.75,9.625,4.5,10.0625],"rotation":0,"texture":"#0","tintindex":0},"up":{"uv":[9.0,4.5625,8.25,3.9375],"rotation":0,"texture":"#0","tintindex":0},"west":{"uv":[8.25,10.0,8.875,10.4375],"rotation":0,"texture":"#0","tintindex":0}}},{"name":"cube","from":[4.2799997,2.518677,4.4964156],"to":[11.900001,12.568676,12.146417],"rotation":{"angle":0.0,"axis":"x","origin":[3.3799999,7.5436773,8.336416]},"faces":{"down":{"uv":[8.125,2.3125,7.3125,3.125],"rotation":0,"texture":"#0","tintindex":0},"east":{"uv":[0.0,6.1875,0.8125,7.25],"rotation":0,"texture":"#0","tintindex":0},"north":{"uv":[5.9375,5.4375,6.75,6.5],"rotation":0,"texture":"#0","tintindex":0},"south":{"uv":[6.3125,4.3125,7.125,5.375],"rotation":0,"texture":"#0","tintindex":0},"up":{"uv":[8.125,2.3125,7.3125,1.5],"rotation":0,"texture":"#0","tintindex":0},"west":{"uv":[0.8125,6.375,1.625,7.4375],"rotation":0,"texture":"#0","tintindex":0}}}],"display":{"head":{"translation":[0.0,-6.4,0.0],"rotation":[0.0,0.0,0.0],"scale":[3.8095,3.8095,3.8095]}}}