{"textures":{"0":"modelengine:entity/rhino"},"elements":[{"name":"cube","from":[7.0699997,2.7799993,8.119999],"to":[8.87,8.659999,9.8],"rotation":{"angle":-22.5,"axis":"x","origin":[7.97,4.879999,7.4299994]},"faces":{"down":{"uv":[2.375,7.4375,2.1875,7.625],"rotation":0,"texture":"#0","tintindex":0},"east":{"uv":[2.125,10.4375,2.3125,11.0625],"rotation":0,"texture":"#0","tintindex":0},"north":{"uv":[3.75,7.0625,3.9375,7.6875],"rotation":0,"texture":"#0","tintindex":0},"south":{"uv":[2.3125,10.4375,2.5,11.0625],"rotation":0,"texture":"#0","tintindex":0},"up":{"uv":[0.8125,7.4375,0.625,7.25],"rotation":0,"texture":"#0","tintindex":0},"west":{"uv":[5.625,10.4375,5.8125,11.0625],"rotation":0,"texture":"#0","tintindex":0}}},{"name":"cube","from":[7.31,-1.6705542,9.17501],"to":[8.69,3.8494463,10.37501],"rotation":{"angle":0.0,"axis":"x","origin":[7.97,0.42944574,8.005011]},"faces":{"down":{"uv":[9.3125,1.25,9.1875,1.375],"rotation":0,"texture":"#0","tintindex":0},"east":{"uv":[4.125,10.5,4.25,11.0625],"rotation":0,"texture":"#0","tintindex":0},"north":{"uv":[3.625,8.25,3.75,8.8125],"rotation":0,"texture":"#0","tintindex":0},"south":{"uv":[4.25,10.5,4.375,11.0625],"rotation":0,"texture":"#0","tintindex":0},"up":{"uv":[9.3125,1.25,9.1875,1.125],"rotation":0,"texture":"#0","tintindex":0},"west":{"uv":[5.8125,10.5,5.9375,11.0625],"rotation":0,"texture":"#0","tintindex":0}}},{"name":"cube","from":[7.0699997,-5.4400015,9.92],"to":[8.93,-2.920001,12.32],"rotation":{"angle":-45.0,"axis":"x","origin":[7.97,-4.960001,8.389999]},"faces":{"down":{"uv":[7.1875,10.75,7.0,11.0],"rotation":0,"texture":"#0","tintindex":0},"east":{"uv":[5.5,7.5,5.75,7.75],"rotation":0,"texture":"#0","tintindex":0},"north":{"uv":[10.75,6.375,10.9375,6.625],"rotation":0,"texture":"#0","tintindex":0},"south":{"uv":[6.5,10.75,6.6875,11.0],"rotation":0,"texture":"#0","tintindex":0},"up":{"uv":[10.9375,6.875,10.75,6.625],"rotation":0,"texture":"#0","tintindex":0},"west":{"uv":[3.3125,9.375,3.5625,9.625],"rotation":0,"texture":"#0","tintindex":0}}}],"display":{"head":{"translation":[0.0,-6.4,0.0],"rotation":[0.0,0.0,0.0],"scale":[3.8095,3.8095,3.8095]}}}