{"textures":{"0":"modelengine:entity/rhino"},"elements":[{"name":"cube","from":[3.26,-10.985465,-0.69048166],"to":[15.08,0.024534225,14.00952],"rotation":{"angle":0.0,"axis":"x","origin":[9.275,-2.6997824,5.965071]},"faces":{"down":{"uv":[2.5,0.0,1.25,1.5625],"rotation":0,"texture":"#0","tintindex":0},"east":{"uv":[0.0,1.5625,1.5625,2.6875],"rotation":0,"texture":"#0","tintindex":0},"north":{"uv":[3.125,1.125,4.375,2.25],"rotation":0,"texture":"#0","tintindex":0},"south":{"uv":[3.5625,2.25,4.8125,3.375],"rotation":0,"texture":"#0","tintindex":0},"up":{"uv":[1.25,1.5625,0.0,0.0],"rotation":0,"texture":"#0","tintindex":0},"west":{"uv":[1.5625,1.5625,3.125,2.6875],"rotation":0,"texture":"#0","tintindex":0}}},{"name":"cube","from":[4.5199995,-12.365465,3.5095184],"to":[14.120001,-9.965465,15.749518],"rotation":{"angle":0.0,"axis":"x","origin":[9.275,-2.6997824,5.965071]},"faces":{"down":{"uv":[4.25,4.625,3.25,5.875],"rotation":0,"texture":"#0","tintindex":0},"east":{"uv":[9.625,2.8125,10.875,3.0625],"rotation":0,"texture":"#0","tintindex":0},"north":{"uv":[9.8125,10.125,10.8125,10.375],"rotation":0,"texture":"#0","tintindex":0},"south":{"uv":[0.625,10.1875,1.625,10.4375],"rotation":0,"texture":"#0","tintindex":0},"up":{"uv":[5.375,1.25,4.375,0.0],"rotation":0,"texture":"#0","tintindex":0},"west":{"uv":[10.0,1.5625,11.25,1.8125],"rotation":0,"texture":"#0","tintindex":0}}},{"name":"cube","from":[4.9399996,-12.538731,2.9302557],"to":[13.76,-10.138731,7.4302554],"rotation":{"angle":22.5,"axis":"x","origin":[9.275,-2.6997824,5.965071]},"faces":{"down":{"uv":[9.375,3.0625,8.4375,3.5625],"rotation":0,"texture":"#0","tintindex":0},"east":{"uv":[7.625,7.0,8.125,7.25],"rotation":0,"texture":"#0","tintindex":0},"north":{"uv":[10.25,9.3125,11.1875,9.5625],"rotation":0,"texture":"#0","tintindex":0},"south":{"uv":[10.3125,2.25,11.25,2.5],"rotation":0,"texture":"#0","tintindex":0},"up":{"uv":[9.375,0.5,8.4375,0.0],"rotation":0,"texture":"#0","tintindex":0},"west":{"uv":[5.75,8.5625,6.25,8.8125],"rotation":0,"texture":"#0","tintindex":0}}},{"name":"cube","from":[3.89,-7.652397,1.1322978],"to":[14.360001,2.8476043,15.082297],"rotation":{"angle":0.0,"axis":"x","origin":[9.35,-1.8023973,6.6822977]},"faces":{"down":{"uv":[3.5625,2.6875,2.5,4.125],"rotation":0,"texture":"#0","tintindex":0},"east":{"uv":[2.5,0.0,3.9375,1.125],"rotation":0,"texture":"#0","tintindex":0},"north":{"uv":[4.6875,3.375,5.75,4.5],"rotation":0,"texture":"#0","tintindex":0},"south":{"uv":[0.0,5.0625,1.0625,6.1875],"rotation":0,"texture":"#0","tintindex":0},"up":{"uv":[2.5,4.125,1.4375,2.6875],"rotation":0,"texture":"#0","tintindex":0},"west":{"uv":[0.0,2.6875,1.4375,3.8125],"rotation":0,"texture":"#0","tintindex":0}}},{"name":"cube","from":[4.6400003,-4.6731486,-2.2382627],"to":[13.610001,4.4468517,3.9717379],"rotation":{"angle":22.5,"axis":"x","origin":[9.35,-1.1631484,0.79173756]},"faces":{"down":{"uv":[9.0625,2.4375,8.125,3.0625],"rotation":0,"texture":"#0","tintindex":0},"east":{"uv":[4.5625,7.9375,5.1875,8.875],"rotation":0,"texture":"#0","tintindex":0},"north":{"uv":[5.875,10.0,6.4375,10.5],"rotation":270,"texture":"#0","tintindex":0},"south":{"uv":[3.9375,5.9375,4.875,6.875],"rotation":0,"texture":"#0","tintindex":0},"up":{"uv":[8.8125,6.0,7.875,5.375],"rotation":0,"texture":"#0","tintindex":0},"west":{"uv":[8.125,1.5,8.75,2.4375],"rotation":0,"texture":"#0","tintindex":0}}},{"name":"cube","from":[3.89,-7.373149,-6.2882624],"to":[14.360001,5.046852,2.621738],"rotation":{"angle":-22.5,"axis":"x","origin":[9.35,-1.1631484,0.79173756]},"faces":{"down":{"uv":[3.1875,5.4375,2.125,6.375],"rotation":0,"texture":"#0","tintindex":0},"east":{"uv":[5.75,1.25,4.8125,2.5625],"rotation":0,"texture":"#0","tintindex":0},"north":{"uv":[1.125,4.125,2.1875,5.4375],"rotation":0,"texture":"#0","tintindex":0},"south":{"uv":[2.1875,4.125,3.25,5.4375],"rotation":0,"texture":"#0","tintindex":0},"up":{"uv":[2.125,6.375,1.0625,5.4375],"rotation":0,"texture":"#0","tintindex":0},"west":{"uv":[4.8125,1.25,5.75,2.5625],"rotation":0,"texture":"#0","tintindex":0}}},{"name":"cube","from":[4.0699997,-11.435465,9.149519],"to":[14.570001,0.29453468,15.869518],"rotation":{"angle":0.0,"axis":"x","origin":[9.32,-4.895465,12.509519]},"faces":{"down":{"uv":[8.25,4.0,7.125,4.6875],"rotation":0,"texture":"#0","tintindex":0},"east":{"uv":[2.4375,6.375,3.125,7.625],"rotation":0,"texture":"#0","tintindex":0},"north":{"uv":[3.5625,3.375,4.6875,4.625],"rotation":0,"texture":"#0","tintindex":0},"south":{"uv":[0.0,3.8125,1.125,5.0625],"rotation":0,"texture":"#0","tintindex":0},"up":{"uv":[7.875,6.0625,6.75,5.375],"rotation":0,"texture":"#0","tintindex":0},"west":{"uv":[5.9375,6.5,6.625,7.75],"rotation":0,"texture":"#0","tintindex":0}}},{"name":"cube","from":[4.0699997,-7.6254644,12.359519],"to":[14.900001,1.3745344,18.80952],"rotation":{"angle":22.5,"axis":"x","origin":[9.26,-4.475465,17.30952]},"faces":{"down":{"uv":[8.4375,0.0,7.3125,0.6875],"rotation":0,"texture":"#0","tintindex":0},"east":{"uv":[2.1875,7.625,2.875,8.5625],"rotation":0,"texture":"#0","tintindex":0},"north":{"uv":[5.1875,4.5,6.3125,5.4375],"rotation":0,"texture":"#0","tintindex":0},"south":{"uv":[5.375,0.0,6.5,0.9375],"rotation":0,"texture":"#0","tintindex":0},"up":{"uv":[8.25,5.375,7.125,4.6875],"rotation":0,"texture":"#0","tintindex":0},"west":{"uv":[7.625,6.0625,8.3125,7.0],"rotation":0,"texture":"#0","tintindex":0}}},{"name":"cube","from":[5.42,-1.9535017,16.00998],"to":[13.1,4.4664993,19.129978],"rotation":{"angle":45.0,"axis":"x","origin":[9.275,-2.6997824,5.965071]},"faces":{"down":{"uv":[10.9375,0.6875,10.125,1.0],"rotation":0,"texture":"#0","tintindex":0},"east":{"uv":[4.875,5.9375,5.1875,6.625],"rotation":0,"texture":"#0","tintindex":0},"north":{"uv":[3.75,8.125,4.5625,8.8125],"rotation":0,"texture":"#0","tintindex":0},"south":{"uv":[6.25,8.125,7.0625,8.8125],"rotation":0,"texture":"#0","tintindex":0},"up":{"uv":[10.9375,0.6875,10.125,0.375],"rotation":0,"texture":"#0","tintindex":0},"west":{"uv":[4.5625,6.875,4.875,7.5625],"rotation":0,"texture":"#0","tintindex":0}}}],"display":{"head":{"translation":[0.0,-6.4,0.0],"rotation":[0.0,0.0,0.0],"scale":[3.8095,3.8095,3.8095]}}}