{"textures":{"0":"modelengine:entity/lion"},"elements":[{"name":"cube","from":[4.625,0.43156123,7.4592423],"to":[7.085,6.3115616,9.739243],"rotation":{"angle":22.5,"axis":"x","origin":[4.5649996,-2.5950232,13.355812]},"faces":{"down":{"uv":[13.375,1.25,12.875,1.75],"rotation":0,"texture":"#0","tintindex":0},"east":{"uv":[3.25,9.875,3.75,11.125],"rotation":0,"texture":"#0","tintindex":0},"north":{"uv":[9.875,0.0,10.375,1.25],"rotation":0,"texture":"#0","tintindex":0},"south":{"uv":[3.75,9.875,4.25,11.125],"rotation":0,"texture":"#0","tintindex":0},"up":{"uv":[13.375,1.25,12.875,0.75],"rotation":0,"texture":"#0","tintindex":0},"west":{"uv":[6.375,10.0,6.875,11.25],"rotation":0,"texture":"#0","tintindex":0}}},{"name":"cube","from":[4.805,4.7699265,7.4577556],"to":[6.845,7.2899265,12.737756],"rotation":{"angle":22.5,"axis":"x","origin":[17.885,8.412441,12.80594]},"faces":{"down":{"uv":[12.125,12.125,11.75,13.25],"rotation":0,"texture":"#0","tintindex":0},"east":{"uv":[10.375,0.75,11.5,1.25],"rotation":0,"texture":"#0","tintindex":0},"north":{"uv":[0.75,13.375,1.125,13.875],"rotation":0,"texture":"#0","tintindex":0},"south":{"uv":[2.75,13.375,3.125,13.875],"rotation":0,"texture":"#0","tintindex":0},"up":{"uv":[8.625,13.25,8.25,12.125],"rotation":0,"texture":"#0","tintindex":0},"west":{"uv":[9.125,10.5,10.25,11.0],"rotation":0,"texture":"#0","tintindex":0}}},{"name":"cube","from":[4.1449995,1.2977204,8.117214],"to":[7.685,2.5577207,11.537214],"rotation":{"angle":0.0,"axis":"x","origin":[5.856676,1.0692804,10.486989]},"faces":{"down":{"uv":[11.375,3.875,10.625,4.625],"rotation":0,"texture":"#0","tintindex":0},"east":{"uv":[13.375,3.125,14.125,3.375],"rotation":0,"texture":"#0","tintindex":0},"north":{"uv":[13.375,2.875,14.125,3.125],"rotation":0,"texture":"#0","tintindex":0},"south":{"uv":[13.375,3.375,14.125,3.625],"rotation":0,"texture":"#0","tintindex":0},"up":{"uv":[11.375,3.875,10.625,3.125],"rotation":0,"texture":"#0","tintindex":0},"west":{"uv":[13.375,3.625,14.125,3.875],"rotation":0,"texture":"#0","tintindex":0}}},{"name":"cube","from":[5.1108193,1.2077206,7.063532],"to":[5.4708195,1.9277205,7.7835317],"rotation":{"angle":22.5,"axis":"y","origin":[5.856676,1.0692804,10.666988]},"faces":{"down":{"uv":[2.5,14.375,2.375,14.5],"rotation":0,"texture":"#0","tintindex":0},"east":{"uv":[14.375,1.125,14.5,1.25],"rotation":0,"texture":"#0","tintindex":0},"north":{"uv":[14.375,1.0,14.5,1.125],"rotation":0,"texture":"#0","tintindex":0},"south":{"uv":[14.375,2.0,14.5,2.125],"rotation":0,"texture":"#0","tintindex":0},"up":{"uv":[14.5,2.375,14.375,2.25],"rotation":0,"texture":"#0","tintindex":0},"west":{"uv":[14.375,2.125,14.5,2.25],"rotation":0,"texture":"#0","tintindex":0}}},{"name":"cube","from":[5.585,1.2077206,6.977214],"to":[5.9449997,1.9277205,7.6972136],"rotation":{"angle":0.0,"axis":"x","origin":[5.856676,1.0692804,10.666988]},"faces":{"down":{"uv":[3.75,14.375,3.625,14.5],"rotation":0,"texture":"#0","tintindex":0},"east":{"uv":[2.5,14.375,2.625,14.5],"rotation":0,"texture":"#0","tintindex":0},"north":{"uv":[14.375,2.375,14.5,2.5],"rotation":0,"texture":"#0","tintindex":0},"south":{"uv":[14.375,2.5,14.5,2.625],"rotation":0,"texture":"#0","tintindex":0},"up":{"uv":[3.625,14.5,3.5,14.375],"rotation":0,"texture":"#0","tintindex":0},"west":{"uv":[14.375,2.625,14.5,2.75],"rotation":0,"texture":"#0","tintindex":0}}},{"name":"cube","from":[6.304003,1.2077206,7.087775],"to":[6.664003,1.9277205,7.8077755],"rotation":{"angle":-22.5,"axis":"y","origin":[5.856676,1.0692804,10.666988]},"faces":{"down":{"uv":[4.25,14.375,4.125,14.5],"rotation":0,"texture":"#0","tintindex":0},"east":{"uv":[3.875,14.375,4.0,14.5],"rotation":0,"texture":"#0","tintindex":0},"north":{"uv":[3.75,14.375,3.875,14.5],"rotation":0,"texture":"#0","tintindex":0},"south":{"uv":[14.375,3.875,14.5,4.0],"rotation":0,"texture":"#0","tintindex":0},"up":{"uv":[14.5,4.125,14.375,4.0],"rotation":0,"texture":"#0","tintindex":0},"west":{"uv":[4.0,14.375,4.125,14.5],"rotation":0,"texture":"#0","tintindex":0}}},{"name":"cube","from":[5.8550158,1.3577207,7.2732153],"to":[7.295016,2.6777205,9.0732155],"rotation":{"angle":-22.5,"axis":"y","origin":[5.856676,1.0692804,10.486989]},"faces":{"down":{"uv":[10.125,14.0,9.875,14.375],"rotation":0,"texture":"#0","tintindex":0},"east":{"uv":[14.0,10.75,14.375,11.0],"rotation":0,"texture":"#0","tintindex":0},"north":{"uv":[13.625,14.125,13.875,14.375],"rotation":0,"texture":"#0","tintindex":0},"south":{"uv":[13.875,14.125,14.125,14.375],"rotation":0,"texture":"#0","tintindex":0},"up":{"uv":[9.0,14.375,8.75,14.0],"rotation":0,"texture":"#0","tintindex":0},"west":{"uv":[14.0,11.375,14.375,11.625],"rotation":0,"texture":"#0","tintindex":0}}},{"name":"cube","from":[5.0449996,1.3577207,7.157214],"to":[6.545,2.6777205,8.957213],"rotation":{"angle":0.0,"axis":"x","origin":[5.856676,1.0692804,10.486989]},"faces":{"down":{"uv":[9.875,13.75,9.5,14.125],"rotation":0,"texture":"#0","tintindex":0},"east":{"uv":[14.0,12.625,14.375,12.875],"rotation":0,"texture":"#0","tintindex":0},"north":{"uv":[14.0,11.625,14.375,11.875],"rotation":0,"texture":"#0","tintindex":0},"south":{"uv":[14.0,12.875,14.375,13.125],"rotation":0,"texture":"#0","tintindex":0},"up":{"uv":[14.125,9.25,13.75,8.875],"rotation":0,"texture":"#0","tintindex":0},"west":{"uv":[13.0,14.0,13.375,14.25],"rotation":0,"texture":"#0","tintindex":0}}},{"name":"cube","from":[4.5998063,1.3577207,7.2489715],"to":[5.7998066,2.6777205,9.048971],"rotation":{"angle":22.5,"axis":"y","origin":[5.856676,1.0692804,10.486989]},"faces":{"down":{"uv":[14.375,0.875,14.125,1.25],"rotation":0,"texture":"#0","tintindex":0},"east":{"uv":[14.125,0.0,14.5,0.25],"rotation":0,"texture":"#0","tintindex":0},"north":{"uv":[14.125,13.875,14.375,14.125],"rotation":0,"texture":"#0","tintindex":0},"south":{"uv":[14.125,14.125,14.375,14.375],"rotation":0,"texture":"#0","tintindex":0},"up":{"uv":[14.375,0.875,14.125,0.5],"rotation":0,"texture":"#0","tintindex":0},"west":{"uv":[14.125,0.25,14.5,0.5],"rotation":0,"texture":"#0","tintindex":0}}}],"display":{"head":{"translation":[0.0,-6.4,0.0],"rotation":[0.0,0.0,0.0],"scale":[3.8095,3.8095,3.8095]}}}