{"textures":{"0":"modelengine:entity/lion"},"elements":[{"name":"cube","from":[7.04,5.7799997,2.5399995],"to":[9.139999,10.700001,5.0599995],"rotation":{"angle":22.5,"axis":"x","origin":[6.5600004,0.019999504,1.34]},"faces":{"down":{"uv":[9.875,13.25,9.5,13.75],"rotation":0,"texture":"#0","tintindex":0},"east":{"uv":[2.25,11.75,2.75,12.75],"rotation":0,"texture":"#0","tintindex":0},"north":{"uv":[12.375,5.625,12.75,6.625],"rotation":0,"texture":"#0","tintindex":0},"south":{"uv":[12.375,6.625,12.75,7.625],"rotation":0,"texture":"#0","tintindex":0},"up":{"uv":[3.875,13.75,3.5,13.25],"rotation":0,"texture":"#0","tintindex":0},"west":{"uv":[11.75,4.875,12.25,5.875],"rotation":0,"texture":"#0","tintindex":0}}},{"name":"cube","from":[10.700001,3.59,2.8399997],"to":[11.06,4.31,3.5599995],"rotation":{"angle":-22.5,"axis":"y","origin":[9.8,3.59,0.37999988]},"faces":{"down":{"uv":[14.375,13.125,14.25,13.25],"rotation":0,"texture":"#0","tintindex":0},"east":{"uv":[8.875,13.875,9.0,14.0],"rotation":0,"texture":"#0","tintindex":0},"north":{"uv":[8.25,13.875,8.375,14.0],"rotation":0,"texture":"#0","tintindex":0},"south":{"uv":[13.875,9.25,14.0,9.375],"rotation":0,"texture":"#0","tintindex":0},"up":{"uv":[13.25,14.375,13.125,14.25],"rotation":0,"texture":"#0","tintindex":0},"west":{"uv":[7.75,14.0,7.875,14.125],"rotation":0,"texture":"#0","tintindex":0}}},{"name":"cube","from":[9.08,3.7399998,2.9599996],"to":[10.52,5.06,4.7599993],"rotation":{"angle":-22.5,"axis":"y","origin":[9.08,3.7399998,2.9599996]},"faces":{"down":{"uv":[14.25,6.75,14.0,7.125],"rotation":0,"texture":"#0","tintindex":0},"east":{"uv":[6.0,14.0,6.375,14.25],"rotation":0,"texture":"#0","tintindex":0},"north":{"uv":[11.375,14.125,11.625,14.375],"rotation":0,"texture":"#0","tintindex":0},"south":{"uv":[11.625,14.125,11.875,14.375],"rotation":0,"texture":"#0","tintindex":0},"up":{"uv":[7.0,14.375,6.75,14.0],"rotation":0,"texture":"#0","tintindex":0},"west":{"uv":[6.375,14.0,6.75,14.25],"rotation":0,"texture":"#0","tintindex":0}}},{"name":"cube","from":[4.7,3.59,2.8399997],"to":[5.06,4.31,3.5599995],"rotation":{"angle":22.5,"axis":"y","origin":[5.8399997,3.59,0.37999988]},"faces":{"down":{"uv":[14.375,13.75,14.25,13.875],"rotation":0,"texture":"#0","tintindex":0},"east":{"uv":[14.25,13.25,14.375,13.375],"rotation":0,"texture":"#0","tintindex":0},"north":{"uv":[13.25,14.25,13.375,14.375],"rotation":0,"texture":"#0","tintindex":0},"south":{"uv":[14.25,13.375,14.375,13.5],"rotation":0,"texture":"#0","tintindex":0},"up":{"uv":[14.375,13.75,14.25,13.625],"rotation":0,"texture":"#0","tintindex":0},"west":{"uv":[14.25,13.5,14.375,13.625],"rotation":0,"texture":"#0","tintindex":0}}},{"name":"cube","from":[5.36,3.7399998,2.9599996],"to":[6.5600004,5.06,4.7599993],"rotation":{"angle":22.5,"axis":"y","origin":[6.5600004,3.7399998,2.9599996]},"faces":{"down":{"uv":[8.75,14.0,8.5,14.375],"rotation":0,"texture":"#0","tintindex":0},"east":{"uv":[7.0,14.0,7.375,14.25],"rotation":0,"texture":"#0","tintindex":0},"north":{"uv":[12.625,14.125,12.875,14.375],"rotation":0,"texture":"#0","tintindex":0},"south":{"uv":[13.375,14.125,13.625,14.375],"rotation":0,"texture":"#0","tintindex":0},"up":{"uv":[8.5,14.375,8.25,14.0],"rotation":0,"texture":"#0","tintindex":0},"west":{"uv":[7.375,14.0,7.75,14.25],"rotation":0,"texture":"#0","tintindex":0}}},{"name":"cube","from":[7.04,3.7399998,2.6],"to":[8.54,5.06,4.3999996],"rotation":{"angle":0.0,"axis":"x","origin":[8.84,3.7399998,2.6]},"faces":{"down":{"uv":[14.125,8.5,13.75,8.875],"rotation":0,"texture":"#0","tintindex":0},"east":{"uv":[14.0,9.5,14.375,9.75],"rotation":0,"texture":"#0","tintindex":0},"north":{"uv":[14.0,9.25,14.375,9.5],"rotation":0,"texture":"#0","tintindex":0},"south":{"uv":[14.0,9.75,14.375,10.0],"rotation":0,"texture":"#0","tintindex":0},"up":{"uv":[14.125,8.5,13.75,8.125],"rotation":0,"texture":"#0","tintindex":0},"west":{"uv":[14.0,10.5,14.375,10.75],"rotation":0,"texture":"#0","tintindex":0}}},{"name":"cube","from":[7.58,3.59,2.4199996],"to":[7.94,4.31,3.1399996],"rotation":{"angle":0.0,"axis":"x","origin":[8.719999,3.59,0.019999504]},"faces":{"down":{"uv":[14.5,0.875,14.375,1.0],"rotation":0,"texture":"#0","tintindex":0},"east":{"uv":[14.375,0.5,14.5,0.625],"rotation":0,"texture":"#0","tintindex":0},"north":{"uv":[0.5,14.375,0.625,14.5],"rotation":0,"texture":"#0","tintindex":0},"south":{"uv":[0.625,14.375,0.75,14.5],"rotation":0,"texture":"#0","tintindex":0},"up":{"uv":[14.5,0.875,14.375,0.75],"rotation":0,"texture":"#0","tintindex":0},"west":{"uv":[14.375,0.625,14.5,0.75],"rotation":0,"texture":"#0","tintindex":0}}},{"name":"cube","from":[6.1399994,3.6799998,3.5599995],"to":[9.68,4.94,6.9799995],"rotation":{"angle":0.0,"axis":"x","origin":[6.5600004,-2.020001,0.1400001]},"faces":{"down":{"uv":[9.125,10.5,8.375,11.25],"rotation":0,"texture":"#0","tintindex":0},"east":{"uv":[13.375,1.0,14.125,1.25],"rotation":0,"texture":"#0","tintindex":0},"north":{"uv":[13.375,0.75,14.125,1.0],"rotation":0,"texture":"#0","tintindex":0},"south":{"uv":[13.375,1.25,14.125,1.5],"rotation":0,"texture":"#0","tintindex":0},"up":{"uv":[8.375,11.25,7.625,10.5],"rotation":0,"texture":"#0","tintindex":0},"west":{"uv":[13.375,1.5,14.125,1.75],"rotation":0,"texture":"#0","tintindex":0}}}],"display":{"head":{"translation":[0.0,-6.4,0.0],"rotation":[0.0,0.0,0.0],"scale":[3.8095,3.8095,3.8095]}}}