{"textures":{"0":"modelengine:entity/lion"},"elements":[{"name":"cube","from":[8.915,0.43756127,7.3992424],"to":[11.375,6.3175616,9.679242],"rotation":{"angle":22.5,"axis":"x","origin":[11.435,-2.5890226,13.295812]},"faces":{"down":{"uv":[9.125,12.625,8.625,13.125],"rotation":0,"texture":"#0","tintindex":0},"east":{"uv":[5.875,9.75,6.375,11.0],"rotation":0,"texture":"#0","tintindex":0},"north":{"uv":[2.0,9.5,2.5,10.75],"rotation":0,"texture":"#0","tintindex":0},"south":{"uv":[9.75,6.0,10.25,7.25],"rotation":0,"texture":"#0","tintindex":0},"up":{"uv":[7.875,13.125,7.375,12.625],"rotation":0,"texture":"#0","tintindex":0},"west":{"uv":[9.75,8.0,10.25,9.25],"rotation":0,"texture":"#0","tintindex":0}}},{"name":"cube","from":[9.155001,4.7759266,7.3977556],"to":[11.195,7.295927,12.677755],"rotation":{"angle":22.5,"axis":"x","origin":[-1.8850007,8.418442,12.74594]},"faces":{"down":{"uv":[8.25,12.125,7.875,13.25],"rotation":0,"texture":"#0","tintindex":0},"east":{"uv":[10.25,2.625,11.375,3.125],"rotation":0,"texture":"#0","tintindex":0},"north":{"uv":[6.875,10.0,7.25,10.5],"rotation":0,"texture":"#0","tintindex":0},"south":{"uv":[8.625,13.125,9.0,13.625],"rotation":0,"texture":"#0","tintindex":0},"up":{"uv":[4.5,13.0,4.125,11.875],"rotation":0,"texture":"#0","tintindex":0},"west":{"uv":[10.25,10.25,11.375,10.75],"rotation":0,"texture":"#0","tintindex":0}}},{"name":"cube","from":[8.315,1.3037206,8.057214],"to":[11.8550005,2.563721,11.477214],"rotation":{"angle":0.0,"axis":"x","origin":[10.143324,1.0752804,10.426989]},"faces":{"down":{"uv":[5.0,10.375,4.25,11.125],"rotation":0,"texture":"#0","tintindex":0},"east":{"uv":[13.375,0.0,14.125,0.25],"rotation":0,"texture":"#0","tintindex":0},"north":{"uv":[0.0,13.375,0.75,13.625],"rotation":0,"texture":"#0","tintindex":0},"south":{"uv":[13.375,0.25,14.125,0.5],"rotation":0,"texture":"#0","tintindex":0},"up":{"uv":[11.125,0.75,10.375,0.0],"rotation":0,"texture":"#0","tintindex":0},"west":{"uv":[13.375,0.5,14.125,0.75],"rotation":0,"texture":"#0","tintindex":0}}},{"name":"cube","from":[10.529181,1.2137208,7.0035315],"to":[10.889181,1.9337207,7.7235317],"rotation":{"angle":-22.5,"axis":"y","origin":[10.143324,1.0752804,10.606989]},"faces":{"down":{"uv":[13.875,9.25,13.75,9.375],"rotation":0,"texture":"#0","tintindex":0},"east":{"uv":[8.5,13.5,8.625,13.625],"rotation":0,"texture":"#0","tintindex":0},"north":{"uv":[8.375,13.5,8.5,13.625],"rotation":0,"texture":"#0","tintindex":0},"south":{"uv":[12.375,13.5,12.5,13.625],"rotation":0,"texture":"#0","tintindex":0},"up":{"uv":[13.75,8.25,13.625,8.125],"rotation":0,"texture":"#0","tintindex":0},"west":{"uv":[13.625,4.625,13.75,4.75],"rotation":0,"texture":"#0","tintindex":0}}},{"name":"cube","from":[10.055,1.2137208,6.9172134],"to":[10.415,1.9337207,7.6372137],"rotation":{"angle":0.0,"axis":"x","origin":[10.143324,1.0752804,10.606989]},"faces":{"down":{"uv":[13.625,8.125,13.5,8.25],"rotation":0,"texture":"#0","tintindex":0},"east":{"uv":[0.625,13.25,0.75,13.375],"rotation":0,"texture":"#0","tintindex":0},"north":{"uv":[0.5,13.25,0.625,13.375],"rotation":0,"texture":"#0","tintindex":0},"south":{"uv":[13.375,5.5,13.5,5.625],"rotation":0,"texture":"#0","tintindex":0},"up":{"uv":[13.625,4.75,13.5,4.625],"rotation":0,"texture":"#0","tintindex":0},"west":{"uv":[11.625,13.375,11.75,13.5],"rotation":0,"texture":"#0","tintindex":0}}},{"name":"cube","from":[9.335997,1.2137208,7.027776],"to":[9.695997,1.9337207,7.7477756],"rotation":{"angle":22.5,"axis":"y","origin":[10.143324,1.0752804,10.606989]},"faces":{"down":{"uv":[13.125,8.25,13.0,8.375],"rotation":0,"texture":"#0","tintindex":0},"east":{"uv":[12.75,11.875,12.875,12.0],"rotation":0,"texture":"#0","tintindex":0},"north":{"uv":[12.75,7.5,12.875,7.625],"rotation":0,"texture":"#0","tintindex":0},"south":{"uv":[12.875,8.25,13.0,8.375],"rotation":0,"texture":"#0","tintindex":0},"up":{"uv":[6.125,13.125,6.0,13.0],"rotation":0,"texture":"#0","tintindex":0},"west":{"uv":[12.875,11.875,13.0,12.0],"rotation":0,"texture":"#0","tintindex":0}}},{"name":"cube","from":[8.704985,1.3637208,7.213215],"to":[10.144985,2.6837208,9.013215],"rotation":{"angle":22.5,"axis":"y","origin":[10.143324,1.0752804,10.426989]},"faces":{"down":{"uv":[4.125,14.0,3.875,14.375],"rotation":0,"texture":"#0","tintindex":0},"east":{"uv":[1.375,14.0,1.75,14.25],"rotation":0,"texture":"#0","tintindex":0},"north":{"uv":[14.125,11.0,14.375,11.25],"rotation":0,"texture":"#0","tintindex":0},"south":{"uv":[11.125,14.125,11.375,14.375],"rotation":0,"texture":"#0","tintindex":0},"up":{"uv":[2.625,14.375,2.375,14.0],"rotation":0,"texture":"#0","tintindex":0},"west":{"uv":[1.75,14.0,2.125,14.25],"rotation":0,"texture":"#0","tintindex":0}}},{"name":"cube","from":[9.455,1.3637208,7.0972137],"to":[10.955,2.6837208,8.897213],"rotation":{"angle":0.0,"axis":"x","origin":[10.143324,1.0752804,10.426989]},"faces":{"down":{"uv":[14.125,4.625,13.75,5.0],"rotation":0,"texture":"#0","tintindex":0},"east":{"uv":[13.375,13.875,13.75,14.125],"rotation":0,"texture":"#0","tintindex":0},"north":{"uv":[12.625,13.875,13.0,14.125],"rotation":0,"texture":"#0","tintindex":0},"south":{"uv":[13.75,13.875,14.125,14.125],"rotation":0,"texture":"#0","tintindex":0},"up":{"uv":[3.875,14.125,3.5,13.75],"rotation":0,"texture":"#0","tintindex":0},"west":{"uv":[0.0,14.0,0.375,14.25],"rotation":0,"texture":"#0","tintindex":0}}},{"name":"cube","from":[10.200193,1.3637208,7.1889715],"to":[11.400194,2.6837208,8.988971],"rotation":{"angle":-22.5,"axis":"y","origin":[10.143324,1.0752804,10.426989]},"faces":{"down":{"uv":[12.625,13.875,12.375,14.25],"rotation":0,"texture":"#0","tintindex":0},"east":{"uv":[11.25,13.875,11.625,14.125],"rotation":0,"texture":"#0","tintindex":0},"north":{"uv":[10.625,14.125,10.875,14.375],"rotation":0,"texture":"#0","tintindex":0},"south":{"uv":[10.875,14.125,11.125,14.375],"rotation":0,"texture":"#0","tintindex":0},"up":{"uv":[0.75,13.25,0.5,12.875],"rotation":0,"texture":"#0","tintindex":0},"west":{"uv":[11.625,13.875,12.0,14.125],"rotation":0,"texture":"#0","tintindex":0}}}],"display":{"head":{"translation":[0.0,-6.4,0.0],"rotation":[0.0,0.0,0.0],"scale":[3.8095,3.8095,3.8095]}}}