{"textures":{"0":"modelengine:entity/lion"},"elements":[{"name":"tail2","from":[7.1988764,6.89081,6.4974065],"to":[8.868605,8.13457,11.314819],"rotation":{"angle":22.5,"axis":"x","origin":[5.3730173,4.043529,10.146034]},"faces":{"down":{"uv":[3.5,12.375,3.125,13.375],"rotation":0,"texture":"#0","tintindex":0},"east":{"uv":[12.75,10.25,13.75,10.5],"rotation":0,"texture":"#0","tintindex":0},"north":{"uv":[4.375,9.25,4.75,9.5],"rotation":0,"texture":"#0","tintindex":0},"south":{"uv":[9.75,7.25,10.125,7.5],"rotation":0,"texture":"#0","tintindex":0},"up":{"uv":[3.125,13.375,2.75,12.375],"rotation":0,"texture":"#0","tintindex":0},"west":{"uv":[12.75,11.125,13.75,11.375],"rotation":0,"texture":"#0","tintindex":0}}},{"name":"cube","from":[7.3248434,7.60152,11.898242],"to":[8.742637,8.959313,15.605655],"rotation":{"angle":-22.5,"axis":"x","origin":[8.48374,7.680417,15.191948]},"faces":{"down":{"uv":[3.25,7.5,3.0,8.25],"rotation":0,"texture":"#0","tintindex":0},"east":{"uv":[13.25,11.625,14.0,11.875],"rotation":0,"texture":"#0","tintindex":0},"north":{"uv":[6.5,8.75,6.75,9.0],"rotation":0,"texture":"#0","tintindex":0},"south":{"uv":[2.25,10.75,2.5,11.0],"rotation":0,"texture":"#0","tintindex":0},"up":{"uv":[1.375,6.25,1.125,5.5],"rotation":0,"texture":"#0","tintindex":0},"west":{"uv":[11.75,13.25,12.5,13.5],"rotation":0,"texture":"#0","tintindex":0}}},{"name":"cube","from":[7.378876,11.09114,15.714714],"to":[8.628604,12.330922,18.966324],"rotation":{"angle":-45.0,"axis":"x","origin":[5.3730173,9.157215,19.740356]},"faces":{"down":{"uv":[11.0,5.375,10.75,6.0],"rotation":0,"texture":"#0","tintindex":0},"east":{"uv":[5.125,9.5,5.75,9.75],"rotation":0,"texture":"#0","tintindex":0},"north":{"uv":[12.0,3.625,12.25,3.875],"rotation":0,"texture":"#0","tintindex":0},"south":{"uv":[5.75,14.125,6.0,14.375],"rotation":0,"texture":"#0","tintindex":0},"up":{"uv":[7.5,9.625,7.25,9.0],"rotation":0,"texture":"#0","tintindex":0},"west":{"uv":[11.75,9.625,12.375,9.875],"rotation":0,"texture":"#0","tintindex":0}}}],"display":{"head":{"translation":[0.0,-6.4,0.0],"rotation":[0.0,0.0,0.0],"scale":[3.8095,3.8095,3.8095]}}}