{"textures":{"0":"modelengine:entity/lion"},"elements":[{"name":"cube","from":[6.626396,5.8430824,4.604517],"to":[9.585373,6.723026,8.130959],"rotation":{"angle":22.5,"axis":"x","origin":[4.1226788,3.84163,9.082344]},"faces":{"down":{"uv":[12.5,1.125,11.875,1.875],"rotation":0,"texture":"#0","tintindex":0},"east":{"uv":[14.125,5.375,14.875,5.5],"rotation":0,"texture":"#0","tintindex":0},"north":{"uv":[13.125,11.0,13.75,11.125],"rotation":0,"texture":"#0","tintindex":0},"south":{"uv":[9.0,14.125,9.625,14.25],"rotation":0,"texture":"#0","tintindex":0},"up":{"uv":[12.5,0.75,11.875,0.0],"rotation":0,"texture":"#0","tintindex":0},"west":{"uv":[14.125,8.125,14.875,8.25],"rotation":0,"texture":"#0","tintindex":0}}},{"name":"cube","from":[6.5164027,5.7330894,4.4945235],"to":[9.612038,6.8330193,5.264475],"rotation":{"angle":22.5,"axis":"x","origin":[4.1226788,3.84163,9.082344]},"faces":{"down":{"uv":[14.75,9.125,14.125,9.25],"rotation":0,"texture":"#0","tintindex":0},"east":{"uv":[9.375,14.25,9.5,14.5],"rotation":0,"texture":"#0","tintindex":0},"north":{"uv":[13.75,2.5,14.375,2.75],"rotation":0,"texture":"#0","tintindex":0},"south":{"uv":[13.75,3.875,14.375,4.125],"rotation":0,"texture":"#0","tintindex":0},"up":{"uv":[14.75,9.125,14.125,9.0],"rotation":0,"texture":"#0","tintindex":0},"west":{"uv":[9.5,14.25,9.625,14.5],"rotation":0,"texture":"#0","tintindex":0}}},{"name":"cube","from":[8.638557,6.760618,8.808876],"to":[9.055197,7.5105705,9.225517],"rotation":{"angle":0.0,"axis":"x","origin":[4.1226788,3.84163,9.082344]},"faces":{"down":{"uv":[7.875,14.375,7.75,14.5],"rotation":0,"texture":"#0","tintindex":0},"east":{"uv":[14.375,7.25,14.5,7.375],"rotation":0,"texture":"#0","tintindex":0},"north":{"uv":[14.375,7.125,14.5,7.25],"rotation":0,"texture":"#0","tintindex":0},"south":{"uv":[14.375,7.375,14.5,7.5],"rotation":0,"texture":"#0","tintindex":0},"up":{"uv":[14.5,7.75,14.375,7.625],"rotation":0,"texture":"#0","tintindex":0},"west":{"uv":[14.375,7.5,14.5,7.625],"rotation":0,"texture":"#0","tintindex":0}}},{"name":"cube","from":[8.638557,6.941678,7.4146566],"to":[9.055197,7.69163,7.831296],"rotation":{"angle":22.5,"axis":"x","origin":[8.03443,7.5182533,7.6901765]},"faces":{"down":{"uv":[8.25,14.375,8.125,14.5],"rotation":0,"texture":"#0","tintindex":0},"east":{"uv":[7.875,14.375,8.0,14.5],"rotation":0,"texture":"#0","tintindex":0},"north":{"uv":[14.375,7.75,14.5,7.875],"rotation":0,"texture":"#0","tintindex":0},"south":{"uv":[14.375,7.875,14.5,8.0],"rotation":0,"texture":"#0","tintindex":0},"up":{"uv":[14.5,8.125,14.375,8.0],"rotation":0,"texture":"#0","tintindex":0},"west":{"uv":[8.0,14.375,8.125,14.5],"rotation":0,"texture":"#0","tintindex":0}}},{"name":"cube","from":[8.638557,6.8744774,7.817856],"to":[9.055197,7.6244297,8.234496],"rotation":{"angle":22.5,"axis":"x","origin":[8.03443,7.2494535,8.160576]},"faces":{"down":{"uv":[14.5,13.125,14.375,13.25],"rotation":0,"texture":"#0","tintindex":0},"east":{"uv":[12.875,14.375,13.0,14.5],"rotation":0,"texture":"#0","tintindex":0},"north":{"uv":[14.375,12.75,14.5,12.875],"rotation":0,"texture":"#0","tintindex":0},"south":{"uv":[14.375,12.875,14.5,13.0],"rotation":0,"texture":"#0","tintindex":0},"up":{"uv":[13.25,14.5,13.125,14.375],"rotation":0,"texture":"#0","tintindex":0},"west":{"uv":[14.375,13.0,14.5,13.125],"rotation":0,"texture":"#0","tintindex":0}}},{"name":"cube","from":[8.638557,7.1899366,7.0284357],"to":[9.055197,7.939889,7.445076],"rotation":{"angle":0.0,"axis":"x","origin":[4.1226788,3.84163,9.082344]},"faces":{"down":{"uv":[9.0,14.375,8.875,14.5],"rotation":0,"texture":"#0","tintindex":0},"east":{"uv":[8.375,14.375,8.5,14.5],"rotation":0,"texture":"#0","tintindex":0},"north":{"uv":[8.25,14.375,8.375,14.5],"rotation":0,"texture":"#0","tintindex":0},"south":{"uv":[8.5,14.375,8.625,14.5],"rotation":0,"texture":"#0","tintindex":0},"up":{"uv":[8.875,14.5,8.75,14.375],"rotation":0,"texture":"#0","tintindex":0},"west":{"uv":[8.625,14.375,8.75,14.5],"rotation":0,"texture":"#0","tintindex":0}}},{"name":"cube","from":[8.330781,7.59881,6.5280333],"to":[8.622429,8.3487625,6.9446726],"rotation":{"angle":0.0,"axis":"x","origin":[4.1226788,3.84163,9.082344]},"faces":{"down":{"uv":[9.875,14.375,9.75,14.5],"rotation":0,"texture":"#0","tintindex":0},"east":{"uv":[14.375,9.375,14.5,9.5],"rotation":0,"texture":"#0","tintindex":0},"north":{"uv":[14.375,9.25,14.5,9.375],"rotation":0,"texture":"#0","tintindex":0},"south":{"uv":[14.375,9.5,14.5,9.625],"rotation":0,"texture":"#0","tintindex":0},"up":{"uv":[14.5,9.75,14.375,9.625],"rotation":0,"texture":"#0","tintindex":0},"west":{"uv":[9.625,14.375,9.75,14.5],"rotation":0,"texture":"#0","tintindex":0}}},{"name":"cube","from":[7.914141,7.59881,6.5280333],"to":[8.247454,8.3487625,6.9446726],"rotation":{"angle":0.0,"axis":"x","origin":[4.1226788,3.84163,9.082344]},"faces":{"down":{"uv":[14.5,10.125,14.375,10.25],"rotation":0,"texture":"#0","tintindex":0},"east":{"uv":[9.875,14.375,10.0,14.5],"rotation":0,"texture":"#0","tintindex":0},"north":{"uv":[14.375,9.75,14.5,9.875],"rotation":0,"texture":"#0","tintindex":0},"south":{"uv":[14.375,9.875,14.5,10.0],"rotation":0,"texture":"#0","tintindex":0},"up":{"uv":[10.25,14.5,10.125,14.375],"rotation":0,"texture":"#0","tintindex":0},"west":{"uv":[10.0,14.375,10.125,14.5],"rotation":0,"texture":"#0","tintindex":0}}},{"name":"cube","from":[7.539165,7.59881,6.5280333],"to":[7.830813,8.3487625,6.9446726],"rotation":{"angle":0.0,"axis":"x","origin":[4.1226788,3.84163,9.082344]},"faces":{"down":{"uv":[10.75,14.375,10.625,14.5],"rotation":0,"texture":"#0","tintindex":0},"east":{"uv":[14.375,10.25,14.5,10.375],"rotation":0,"texture":"#0","tintindex":0},"north":{"uv":[10.25,14.375,10.375,14.5],"rotation":0,"texture":"#0","tintindex":0},"south":{"uv":[10.375,14.375,10.5,14.5],"rotation":0,"texture":"#0","tintindex":0},"up":{"uv":[14.5,10.625,14.375,10.5],"rotation":0,"texture":"#0","tintindex":0},"west":{"uv":[10.5,14.375,10.625,14.5],"rotation":0,"texture":"#0","tintindex":0}}},{"name":"cube","from":[8.504157,6.4532347,5.095608],"to":[8.920797,7.6332664,5.512249],"rotation":{"angle":22.5,"axis":"x","origin":[4.1226788,3.84163,9.082344]},"faces":{"down":{"uv":[10.875,14.375,10.75,14.5],"rotation":0,"texture":"#0","tintindex":0},"east":{"uv":[12.125,14.25,12.25,14.5],"rotation":0,"texture":"#0","tintindex":0},"north":{"uv":[14.25,11.875,14.375,12.125],"rotation":0,"texture":"#0","tintindex":0},"south":{"uv":[14.25,12.125,14.375,12.375],"rotation":0,"texture":"#0","tintindex":0},"up":{"uv":[14.5,10.75,14.375,10.625],"rotation":0,"texture":"#0","tintindex":0},"west":{"uv":[12.25,14.25,12.375,14.5],"rotation":0,"texture":"#0","tintindex":0}}},{"name":"cube","from":[7.148061,6.4532347,5.095608],"to":[7.564701,7.6332664,5.512249],"rotation":{"angle":22.5,"axis":"x","origin":[4.1226788,3.84163,9.082344]},"faces":{"down":{"uv":[11.0,14.375,10.875,14.5],"rotation":0,"texture":"#0","tintindex":0},"east":{"uv":[14.25,12.375,14.375,12.625],"rotation":0,"texture":"#0","tintindex":0},"north":{"uv":[12.375,14.25,12.5,14.5],"rotation":0,"texture":"#0","tintindex":0},"south":{"uv":[12.5,14.25,12.625,14.5],"rotation":0,"texture":"#0","tintindex":0},"up":{"uv":[14.5,10.875,14.375,10.75],"rotation":0,"texture":"#0","tintindex":0},"west":{"uv":[13.0,14.25,13.125,14.5],"rotation":0,"texture":"#0","tintindex":0}}},{"name":"cube","from":[7.0136614,7.2058806,6.9899435],"to":[7.430301,7.9558325,7.406583],"rotation":{"angle":0.0,"axis":"x","origin":[4.1226788,3.84163,9.082344]},"faces":{"down":{"uv":[11.375,14.375,11.25,14.5],"rotation":0,"texture":"#0","tintindex":0},"east":{"uv":[11.0,14.375,11.125,14.5],"rotation":0,"texture":"#0","tintindex":0},"north":{"uv":[14.375,10.875,14.5,11.0],"rotation":0,"texture":"#0","tintindex":0},"south":{"uv":[14.375,11.0,14.5,11.125],"rotation":0,"texture":"#0","tintindex":0},"up":{"uv":[14.5,11.25,14.375,11.125],"rotation":0,"texture":"#0","tintindex":0},"west":{"uv":[11.125,14.375,11.25,14.5],"rotation":0,"texture":"#0",