{"textures":{"0":"modelengine:entity/rhino"},"elements":[{"name":"cube","from":[5.5380373,5.1278853,5.38327],"to":[8.54273,8.844937,9.415044],"rotation":{"angle":0.0,"axis":"x","origin":[6.740384,8.396694,6.157116]},"faces":{"down":{"uv":[8.1875,7.3125,7.4375,8.1875],"rotation":0,"texture":"#0","tintindex":0},"east":{"uv":[8.8125,6.0,7.875,5.375],"rotation":0,"texture":"#0","tintindex":0},"north":{"uv":[7.6875,3.125,8.4375,3.9375],"rotation":0,"texture":"#0","tintindex":0},"south":{"uv":[5.5,7.75,6.25,8.5625],"rotation":0,"texture":"#0","tintindex":0},"up":{"uv":[8.8125,6.0,7.875,5.375],"rotation":0,"texture":"#0","tintindex":0},"west":{"uv":[8.8125,6.0,7.875,5.375],"rotation":0,"texture":"#0","tintindex":0}}},{"name":"cube","from":[5.111075,6.9873843,1.8318117],"to":[9.065493,8.634676,3.4738996],"rotation":{"angle":45.0,"axis":"x","origin":[6.740384,4.424221,3.7520087]},"faces":{"down":{"uv":[10.5,4.1875,9.5625,4.5625],"rotation":0,"texture":"#0","tintindex":0},"east":{"uv":[3.125,2.25,3.5,2.625],"rotation":0,"texture":"#0","tintindex":0},"north":{"uv":[9.375,5.625,10.3125,6.0],"rotation":0,"texture":"#0","tintindex":0},"south":{"uv":[9.5625,3.4375,10.5,3.8125],"rotation":0,"texture":"#0","tintindex":0},"up":{"uv":[10.5,4.1875,9.5625,3.8125],"rotation":0,"texture":"#0","tintindex":0},"west":{"uv":[3.9375,0.75,4.3125,1.125],"rotation":0,"texture":"#0","tintindex":0}}},{"name":"cube","from":[5.2364078,8.240229,3.9964533],"to":[5.7165856,8.926562,6.3038225],"rotation":{"angle":22.5,"axis":"y","origin":[4.0902042,8.472515,4.704346]},"faces":{"down":{"uv":[3.125,7.625,2.875,8.125],"rotation":0,"texture":"#0","tintindex":0},"east":{"uv":[4.6875,4.5,5.1875,4.625],"rotation":0,"texture":"#0","tintindex":0},"north":{"uv":[2.875,8.125,3.125,8.25],"rotation":0,"texture":"#0","tintindex":0},"south":{"uv":[5.1875,8.4375,5.4375,8.5625],"rotation":0,"texture":"#0","tintindex":0},"up":{"uv":[3.5,4.625,3.25,4.125],"rotation":0,"texture":"#0","tintindex":0},"west":{"uv":[8.25,5.1875,8.75,5.3125],"rotation":0,"texture":"#0","tintindex":0}}},{"name":"cube","from":[8.409859,8.240229,4.449061],"to":[8.890038,8.926562,6.756429],"rotation":{"angle":-22.5,"axis":"y","origin":[10.528933,8.472515,4.704346]},"faces":{"down":{"uv":[3.5625,8.875,3.3125,9.375],"rotation":0,"texture":"#0","tintindex":0},"east":{"uv":[9.5625,4.9375,10.0625,5.0625],"rotation":0,"texture":"#0","tintindex":0},"north":{"uv":[8.75,2.3125,9.0,2.4375],"rotation":0,"texture":"#0","tintindex":0},"south":{"uv":[9.0,5.0625,9.25,5.1875],"rotation":0,"texture":"#0","tintindex":0},"up":{"uv":[5.4375,8.4375,5.1875,7.9375],"rotation":0,"texture":"#0","tintindex":0},"west":{"uv":[10.5,6.875,11.0,7.0],"rotation":0,"texture":"#0","tintindex":0}}},{"name":"cube","from":[8.622651,8.465546,3.0125537],"to":[9.02891,8.930119,3.8415215],"rotation":{"angle":22.5,"axis":"x","origin":[8.525781,8.436485,3.4360054]},"faces":{"down":{"uv":[10.875,2.0625,10.6875,2.25],"rotation":0,"texture":"#0","tintindex":0},"east":{"uv":[9.375,3.4375,9.5625,3.5625],"rotation":0,"texture":"#0","tintindex":0},"north":{"uv":[9.375,0.375,9.5625,0.5],"rotation":0,"texture":"#0","tintindex":0},"south":{"uv":[8.875,9.4375,9.0625,9.5625],"rotation":0,"texture":"#0","tintindex":0},"up":{"uv":[10.4375,7.25,10.25,7.0625],"rotation":0,"texture":"#0","tintindex":0},"west":{"uv":[9.5625,1.0,9.75,1.125],"rotation":0,"texture":"#0","tintindex":0}}},{"name":"cube","from":[5.0005713,8.465546,3.0125537],"to":[5.4068294,8.930119,3.8415215],"rotation":{"angle":22.5,"axis":"x","origin":[8.525781,8.436485,3.4360054]},"faces":{"down":{"uv":[7.5625,10.75,7.375,10.9375],"rotation":0,"texture":"#0","tintindex":0},"east":{"uv":[10.6875,5.4375,10.875,5.5625],"rotation":0,"texture":"#0","tintindex":0},"north":{"uv":[9.75,1.0,9.9375,1.125],"rotation":0,"texture":"#0","tintindex":0},"south":{"uv":[7.5625,10.75,7.75,10.875],"rotation":0,"texture":"#0","tintindex":0},"up":{"uv":[7.375,10.9375,7.1875,10.75],"rotation":0,"texture":"#0","tintindex":0},"west":{"uv":[7.75,10.75,7.9375,10.875],"rotation":0,"texture":"#0","tintindex":0}}},{"name":"cube","from":[5.1484113,8.6612425,2.8597703],"to":[5.2589893,9.125815,3.1712992],"rotation":{"angle":22.5,"axis":"x","origin":[6.7147403,8.893529,3.0155349]},"faces":{"down":{"uv":[8.4375,3.0625,8.3125,3.125],"rotation":0,"texture":"#0","tintindex":0},"east":{"uv":[1.0625,5.3125,1.125,5.4375],"rotation":0,"texture":"#0","tintindex":0},"north":{"uv":[4.375,10.1875,4.5,10.3125],"rotation":0,"texture":"#0","tintindex":0},"south":{"uv":[3.625,10.25,3.75,10.375],"rotation":0,"texture":"#0","tintindex":0},"up":{"uv":[7.625,6.5,7.5,6.4375],"rotation":0,"texture":"#0","tintindex":0},"west":{"uv":[3.1875,5.6875,3.25,5.8125],"rotation":0,"texture":"#0","tintindex":0}}},{"name":"cube","from":[8.770491,8.6612425,2.8597703],"to":[8.881069,9.125815,3.1712992],"rotation":{"angle":22.5,"axis":"x","origin":[6.7147403,8.893529,3.0155349]},"faces":{"down":{"uv":[5.1875,6.625,5.0625,6.6875],"rotation":0,"texture":"#0","tintindex":0},"east":{"uv":[3.5,2.5,3.5625,2.625],"rotation":0,"texture":"#0","tintindex":0},"north":{"uv":[4.375,10.0625,4.5,10.1875],"rotation":0,"texture":"#0","tintindex":0},"south":{"uv":[3.625,10.125,3.75,10.25],"rotation":0,"texture":"#0","tintindex":0},"up":{"uv":[4.25,5.9375,4.125,5.875],"rotation":0,"texture":"#0","tintindex":0},"west":{"uv":[4.3125,1.0,4.375,1.125],"rotation":0,"texture":"#0","tintindex":0}}},{"name":"cube","from":[5.111075,5.361144,1.8318117],"to":[9.065493,7.008437,2.5868597],"rotation":{"angle":45.0,"axis":"x","origin":[6.740384,4.424221,3.7520087]},"faces":{"down":{"uv":[11.375,6.1875,10.4375,6.375],"rotation":0,"texture":"#0","tintindex":0},"east":{"uv":[3.75,7.6875,3.9375,8.0625],"rotation":0,"texture":"#0","tintindex":0},"north":{"uv":[9.5625,4.5625,10.5,4.9375],"rotation":0,"texture":"#0","tintindex":0},"south":{"uv":[8.875,9.5625,9.8125,9.9375],"rotation":0,"texture":"#0","tintindex":0},"up":{"uv":[11.3125,10.125,10.375,9.9375],"rotation":0,"texture":"#0","tintindex":0},"west":{"uv":[10.5,5.1875,10.6875,5.5625],"rotation":0,"texture":"#0","tintindex":0}}},{"name":"cube","from":[5.111075,6.0264244,2.571012],"to":[9.065493,7.008437,3.4760597],"rotation":{"angle":45.0,"axis":"x","origin":[6.740384,4.424221,3.7520087]},"faces":{"down":{"uv":[11.375,6.1875,10.4375,6.375],"rotation":0,"texture":"#0","tintindex":0},"east":{"uv":[3.75,7.6875,3.9375,8.0625],"rotation":180,"texture":"#0","tintindex":0},"north":{"uv":[9.5625,4.5625,10.5,4.9375],"rotation":0,"texture":"#0","tintindex":0},"south":{"uv":[8.875,9.5625,9.8125,9.9375],"rotation":0,"texture":"#0","tintindex":0},"up":{"uv":[11.3125,10.125,10.375,9.9375],"rotation":0,"texture":"#0","tintindex":0},"west":{"uv":[10.5,5.1875,10.6875,5.5625],"rotation":180,"texture":"#0","tintindex":0}}},{"name":"cube","from":[5.406755,5.361144,2.571012],"to":[8.843733,7.008437,3.4760597],"rotation":{"angle":45.0,"axis":"x","origin":[6.740384,4.424221,3.7520087]},"faces":{"down":{"uv":[11.375,3.8125,10.5,4.0],"rotation":0,"texture":"#0","tintindex":0},"east":{"uv":[5.9375,10.5,6.125,10.875],"rotation":0,"texture":"#0","tintindex":0},"north":{"uv":[9.6875,7.6875,10.5625,8.0625],"rotation":0,"texture":"#0","tintindex":0},"south":{"uv":[9.6875,8.0625,10.5625,8.4375],"rotation":0,"texture":"#0","tintindex":0},"up":{"uv":[11.375,3.8125,10.5,3.625],"rotation":0,"texture":"#0","tintindex":0},"west":{"uv":[6.125,10.5,6.3125,10.875],"rotation":0,"texture":"#0","tintindex":0}}},{"name":"cube","from":[5.0371547,4.917624,3.4602113],"to":[9.139414,8.634676,4.9523],"rotation":{"angle":45.0,"axis":"x","origin":[6.740384,4.424221,3.7520087]},"faces":{"down":{"uv":[10.375,3.0625,9.375,3.4375],"rotation":0,"texture":"#0","tintindex":0},"east":{"uv":[5.5,6.6875,5.875,7.5],"rotation":0,"texture":"#0","tintindex":0},"north":{"uv":[6.625,6.5,7.625,7.3125],"rotation":0,"texture":"#0","tintindex":0},"south":{"uv":[6.6875,3.1875,7.6875,4.0],"rotation":0,"texture":"#0","tintindex":0},