{"textures":{"0":"modelengine:entity/rhino"},"elements":[{"name":"cube","from":[7.4839997,6.3788004,7.6364],"to":[10.3880005,8.332399,10.0292],"rotation":{"angle":0.0,"axis":"x","origin":[8.936,10.246401,6.8876]},"faces":{"down":{"uv":[1.25,8.875,0.5625,9.5],"rotation":0,"texture":"#0","tintindex":0},"east":{"uv":[2.5,1.125,3.125,1.5625],"rotation":0,"texture":"#0","tintindex":0},"north":{"uv":[1.8125,10.0,2.5,10.4375],"rotation":0,"texture":"#0","tintindex":0},"south":{"uv":[10.0,1.8125,10.6875,2.25],"rotation":0,"texture":"#0","tintindex":0},"up":{"uv":[9.5625,1.125,8.875,0.5],"rotation":0,"texture":"#0","tintindex":0},"west":{"uv":[7.0,10.0,7.625,10.4375],"rotation":0,"texture":"#0","tintindex":0}}},{"name":"cube","from":[7.5632,4.2536,7.3627996],"to":[10.3088,5.5736,10.1348],"rotation":{"angle":0.0,"axis":"x","origin":[8.936,6.6428003,9.0392]},"faces":{"down":{"uv":[4.8125,8.875,4.1875,9.5625],"rotation":0,"texture":"#0","tintindex":0},"east":{"uv":[10.3125,2.5,11.0,2.8125],"rotation":0,"texture":"#0","tintindex":0},"north":{"uv":[7.625,10.4375,8.25,10.75],"rotation":0,"texture":"#0","tintindex":0},"south":{"uv":[8.25,10.4375,8.875,10.75],"rotation":0,"texture":"#0","tintindex":0},"up":{"uv":[3.3125,9.5625,2.6875,8.875],"rotation":0,"texture":"#0","tintindex":0},"west":{"uv":[10.3125,5.5625,11.0,5.875],"rotation":0,"texture":"#0","tintindex":0}}},{"name":"cube","from":[7.748,4.4648,8.0624],"to":[10.124001,7.6988,10.0028],"rotation":{"angle":0.0,"axis":"x","origin":[8.936,6.5108004,9.065599]},"faces":{"down":{"uv":[3.0625,10.1875,2.5,10.625],"rotation":0,"texture":"#0","tintindex":0},"east":{"uv":[3.9375,0.0,4.375,0.75],"rotation":0,"texture":"#0","tintindex":0},"north":{"uv":[9.0,3.5625,9.5625,4.3125],"rotation":0,"texture":"#0","tintindex":0},"south":{"uv":[9.0,4.3125,9.5625,5.0625],"rotation":0,"texture":"#0","tintindex":0},"up":{"uv":[3.625,10.5625,3.0625,10.125],"rotation":0,"texture":"#0","tintindex":0},"west":{"uv":[4.375,1.25,4.8125,2.0],"rotation":0,"texture":"#0","tintindex":0}}},{"name":"cube","from":[7.5632,4.2536,7.178],"to":[8.3552,5.2304,7.5211997],"rotation":{"angle":22.5,"axis":"y","origin":[7.9592,4.6759996,7.3496]},"faces":{"down":{"uv":[8.0625,3.9375,7.875,4.0],"rotation":0,"texture":"#0","tintindex":0},"east":{"uv":[5.875,6.9375,5.9375,7.1875],"rotation":0,"texture":"#0","tintindex":0},"north":{"uv":[1.625,10.75,1.8125,11.0],"rotation":0,"texture":"#0","tintindex":0},"south":{"uv":[1.8125,10.75,2.0,11.0],"rotation":0,"texture":"#0","tintindex":0},"up":{"uv":[8.0,7.3125,7.8125,7.25],"rotation":0,"texture":"#0","tintindex":0},"west":{"uv":[7.0625,4.0,7.125,4.25],"rotation":0,"texture":"#0","tintindex":0}}},{"name":"cube","from":[8.513599,4.2536,7.0196],"to":[9.305601,5.2304,7.3627996],"rotation":{"angle":0.0,"axis":"x","origin":[8.936,6.6428003,9.0392]},"faces":{"down":{"uv":[8.1875,7.25,8.0,7.3125],"rotation":0,"texture":"#0","tintindex":0},"east":{"uv":[5.875,7.1875,5.9375,7.4375],"rotation":0,"texture":"#0","tintindex":0},"north":{"uv":[3.5625,10.75,3.75,11.0],"rotation":0,"texture":"#0","tintindex":0},"south":{"uv":[3.75,10.75,3.9375,11.0],"rotation":0,"texture":"#0","tintindex":0},"up":{"uv":[8.0625,6.0625,7.875,6.0],"rotation":0,"texture":"#0","tintindex":0},"west":{"uv":[5.4375,7.9375,5.5,8.1875],"rotation":0,"texture":"#0","tintindex":0}}},{"name":"cube","from":[9.5168,4.2536,7.178],"to":[10.3088,5.2304,7.5211997],"rotation":{"angle":-22.5,"axis":"y","origin":[9.9128,4.6759996,7.3496]},"faces":{"down":{"uv":[8.25,3.9375,8.0625,4.0],"rotation":0,"texture":"#0","tintindex":0},"east":{"uv":[8.125,7.0,8.1875,7.25],"rotation":0,"texture":"#0","tintindex":0},"north":{"uv":[3.9375,10.75,4.125,11.0],"rotation":0,"texture":"#0","tintindex":0},"south":{"uv":[4.375,10.75,4.5625,11.0],"rotation":0,"texture":"#0","tintindex":0},"up":{"uv":[3.9375,8.125,3.75,8.0625],"rotation":0,"texture":"#0","tintindex":0},"west":{"uv":[5.4375,8.1875,5.5,8.4375],"rotation":0,"texture":"#0","tintindex":0}}}],"display":{"head":{"translation":[0.0,-6.4,0.0],"rotation":[0.0,0.0,0.0],"scale":[3.8095,3.8095,3.8095]}}}