{"textures":{"0":"modelengine:entity/rhino"},"elements":[{"name":"cube","from":[5.612,6.3788004,7.6364],"to":[8.516001,8.332399,10.0292],"rotation":{"angle":0.0,"axis":"x","origin":[7.064,10.246401,6.8876]},"faces":{"down":{"uv":[0.5625,8.875,1.25,9.5],"rotation":0,"texture":"#0","tintindex":0},"east":{"uv":[7.625,10.0,7.0,10.4375],"rotation":0,"texture":"#0","tintindex":0},"north":{"uv":[2.5,10.0,1.8125,10.4375],"rotation":0,"texture":"#0","tintindex":0},"south":{"uv":[10.6875,1.8125,10.0,2.25],"rotation":0,"texture":"#0","tintindex":0},"up":{"uv":[8.875,1.125,9.5625,0.5],"rotation":0,"texture":"#0","tintindex":0},"west":{"uv":[3.125,1.125,2.5,1.5625],"rotation":0,"texture":"#0","tintindex":0}}},{"name":"cube","from":[5.6912,4.2536,7.3627996],"to":[8.4368,5.5736,10.1348],"rotation":{"angle":0.0,"axis":"x","origin":[7.064,6.6428003,9.0392]},"faces":{"down":{"uv":[4.1875,8.875,4.8125,9.5625],"rotation":0,"texture":"#0","tintindex":0},"east":{"uv":[11.0,5.5625,10.3125,5.875],"rotation":0,"texture":"#0","tintindex":0},"north":{"uv":[8.25,10.4375,7.625,10.75],"rotation":0,"texture":"#0","tintindex":0},"south":{"uv":[8.875,10.4375,8.25,10.75],"rotation":0,"texture":"#0","tintindex":0},"up":{"uv":[2.6875,9.5625,3.3125,8.875],"rotation":0,"texture":"#0","tintindex":0},"west":{"uv":[11.0,2.5,10.3125,2.8125],"rotation":0,"texture":"#0","tintindex":0}}},{"name":"cube","from":[5.876,4.4648,8.0624],"to":[8.252,7.6988,10.0028],"rotation":{"angle":0.0,"axis":"x","origin":[7.064,6.5108004,9.065599]},"faces":{"down":{"uv":[2.5,10.1875,3.0625,10.625],"rotation":0,"texture":"#0","tintindex":0},"east":{"uv":[4.8125,1.25,4.375,2.0],"rotation":0,"texture":"#0","tintindex":0},"north":{"uv":[9.5625,3.5625,9.0,4.3125],"rotation":0,"texture":"#0","tintindex":0},"south":{"uv":[9.5625,4.3125,9.0,5.0625],"rotation":0,"texture":"#0","tintindex":0},"up":{"uv":[3.0625,10.5625,3.625,10.125],"rotation":0,"texture":"#0","tintindex":0},"west":{"uv":[4.375,0.0,3.9375,0.75],"rotation":0,"texture":"#0","tintindex":0}}},{"name":"cube","from":[7.6448,4.2536,7.178],"to":[8.4368,5.2304,7.5211997],"rotation":{"angle":-22.5,"axis":"y","origin":[8.0408,4.6759996,7.3496]},"faces":{"down":{"uv":[7.875,3.9375,8.0625,4.0],"rotation":0,"texture":"#0","tintindex":0},"east":{"uv":[7.125,4.0,7.0625,4.25],"rotation":0,"texture":"#0","tintindex":0},"north":{"uv":[1.8125,10.75,1.625,11.0],"rotation":0,"texture":"#0","tintindex":0},"south":{"uv":[2.0,10.75,1.8125,11.0],"rotation":0,"texture":"#0","tintindex":0},"up":{"uv":[7.8125,7.3125,8.0,7.25],"rotation":0,"texture":"#0","tintindex":0},"west":{"uv":[5.9375,6.9375,5.875,7.1875],"rotation":0,"texture":"#0","tintindex":0}}},{"name":"cube","from":[6.6944,4.2536,7.0196],"to":[7.4864,5.2304,7.3627996],"rotation":{"angle":0.0,"axis":"x","origin":[7.064,6.6428003,9.0392]},"faces":{"down":{"uv":[8.0,7.25,8.1875,7.3125],"rotation":0,"texture":"#0","tintindex":0},"east":{"uv":[5.5,7.9375,5.4375,8.1875],"rotation":0,"texture":"#0","tintindex":0},"north":{"uv":[3.75,10.75,3.5625,11.0],"rotation":0,"texture":"#0","tintindex":0},"south":{"uv":[3.9375,10.75,3.75,11.0],"rotation":0,"texture":"#0","tintindex":0},"up":{"uv":[7.875,6.0625,8.0625,6.0],"rotation":0,"texture":"#0","tintindex":0},"west":{"uv":[5.9375,7.1875,5.875,7.4375],"rotation":0,"texture":"#0","tintindex":0}}},{"name":"cube","from":[5.6912,4.2536,7.178],"to":[6.4832,5.2304,7.5211997],"rotation":{"angle":22.5,"axis":"y","origin":[6.0872,4.6759996,7.3496]},"faces":{"down":{"uv":[8.0625,3.9375,8.25,4.0],"rotation":0,"texture":"#0","tintindex":0},"east":{"uv":[5.5,8.1875,5.4375,8.4375],"rotation":0,"texture":"#0","tintindex":0},"north":{"uv":[4.125,10.75,3.9375,11.0],"rotation":0,"texture":"#0","tintindex":0},"south":{"uv":[4.5625,10.75,4.375,11.0],"rotation":0,"texture":"#0","tintindex":0},"up":{"uv":[3.75,8.125,3.9375,8.0625],"rotation":0,"texture":"#0","tintindex":0},"west":{"uv":[8.1875,7.0,8.125,7.25],"rotation":0,"texture":"#0","tintindex":0}}}],"display":{"head":{"translation":[0.0,-6.4,0.0],"rotation":[0.0,0.0,0.0],"scale":[3.8095,3.8095,3.8095]}}}