{"textures":{"0":"modelengine:entity/rhino"},"elements":[{"name":"cube","from":[6.5072002,4.5484,6.7981997],"to":[9.701599,9.9076,9.098599],"rotation":{"angle":22.5,"axis":"z","origin":[9.0152,7.8352,7.409]},"faces":{"down":{"uv":[8.5625,8.1875,7.8125,8.8125],"rotation":0,"texture":"#0","tintindex":0},"east":{"uv":[4.875,6.6875,5.5,7.9375],"rotation":0,"texture":"#0","tintindex":0},"north":{"uv":[5.1875,5.4375,5.9375,6.6875],"rotation":0,"texture":"#0","tintindex":0},"south":{"uv":[5.75,0.9375,6.5,2.1875],"rotation":0,"texture":"#0","tintindex":0},"up":{"uv":[8.8125,6.0,7.875,5.375],"rotation":0,"texture":"#0","tintindex":0},"west":{"uv":[3.9375,6.875,4.5625,8.125],"rotation":0,"texture":"#0","tintindex":0}}}],"display":{"head":{"translation":[0.0,-6.4,0.0],"rotation":[0.0,0.0,0.0],"scale":[3.8095,3.8095,3.8095]}}}