{"textures":{"0":"modelengine:entity/rhino"},"elements":[{"name":"cube","from":[5.9144,5.8263955,4.176188],"to":[11.1152,9.770796,10.644188],"rotation":{"angle":0.0,"axis":"x","origin":[8.561001,8.572096,7.1046314]},"faces":{"down":{"uv":[2.5,0.0,1.25,1.5625],"rotation":0,"texture":"#0","tintindex":0},"east":{"uv":[0.0,1.5625,1.5625,2.6875],"rotation":0,"texture":"#0","tintindex":0},"north":{"uv":[3.125,1.125,4.375,2.25],"rotation":0,"texture":"#0","tintindex":0},"south":{"uv":[3.5625,2.25,4.8125,3.375],"rotation":0,"texture":"#0","tintindex":0},"up":{"uv":[1.25,1.5625,0.0,0.0],"rotation":0,"texture":"#0","tintindex":0},"west":{"uv":[1.5625,1.5625,3.125,2.6875],"rotation":0,"texture":"#0","tintindex":0}}},{"name":"cube","from":[6.4687996,5.2191954,6.024188],"to":[10.6928005,5.975196,11.409788],"rotation":{"angle":0.0,"axis":"x","origin":[8.561001,8.572096,7.1046314]},"faces":{"down":{"uv":[4.25,4.625,3.25,5.875],"rotation":0,"texture":"#0","tintindex":0},"east":{"uv":[9.625,2.8125,10.875,3.0625],"rotation":0,"texture":"#0","tintindex":0},"north":{"uv":[9.8125,10.125,10.8125,10.375],"rotation":0,"texture":"#0","tintindex":0},"south":{"uv":[0.625,10.1875,1.625,10.4375],"rotation":0,"texture":"#0","tintindex":0},"up":{"uv":[5.375,1.25,4.375,0.0],"rotation":0,"texture":"#0","tintindex":0},"west":{"uv":[10.0,1.5625,11.25,1.8125],"rotation":0,"texture":"#0","tintindex":0}}},{"name":"cube","from":[6.6535997,5.1429586,5.7693124],"to":[10.5344,5.898959,7.599313],"rotation":{"angle":22.5,"axis":"x","origin":[8.561001,8.572096,7.1046314]},"faces":{"down":{"uv":[9.375,3.0625,8.4375,3.5625],"rotation":0,"texture":"#0","tintindex":0},"east":{"uv":[7.625,7.0,8.125,7.25],"rotation":0,"texture":"#0","tintindex":0},"north":{"uv":[10.25,9.3125,11.1875,9.5625],"rotation":0,"texture":"#0","tintindex":0},"south":{"uv":[10.3125,2.25,11.25,2.5],"rotation":0,"texture":"#0","tintindex":0},"up":{"uv":[9.375,0.5,8.4375,0.0],"rotation":0,"texture":"#0","tintindex":0},"west":{"uv":[5.75,8.5625,6.25,8.8125],"rotation":0,"texture":"#0","tintindex":0}}},{"name":"cube","from":[6.1916,6.3929453,4.978211],"to":[10.7984,11.012945,11.116211],"rotation":{"angle":0.0,"axis":"x","origin":[8.594,8.966946,7.4202113]},"faces":{"down":{"uv":[3.5625,2.6875,2.5,4.125],"rotation":0,"texture":"#0","tintindex":0},"east":{"uv":[2.5,0.0,3.9375,1.125],"rotation":0,"texture":"#0","tintindex":0},"north":{"uv":[4.6875,3.375,5.75,4.5],"rotation":0,"texture":"#0","tintindex":0},"south":{"uv":[0.0,5.0625,1.0625,6.1875],"rotation":0,"texture":"#0","tintindex":0},"up":{"uv":[2.5,4.125,1.4375,2.6875],"rotation":0,"texture":"#0","tintindex":0},"west":{"uv":[0.0,2.6875,1.4375,3.8125],"rotation":0,"texture":"#0","tintindex":0}}},{"name":"cube","from":[6.5216,7.703815,3.4951644],"to":[10.468401,11.716616,6.227565],"rotation":{"angle":22.5,"axis":"x","origin":[8.594,9.248215,4.8283644]},"faces":{"down":{"uv":[9.0625,2.4375,8.125,3.0625],"rotation":0,"texture":"#0","tintindex":0},"east":{"uv":[8.8125,6.0,7.875,5.375],"rotation":0,"texture":"#0","tintindex":0},"north":{"uv":[8.8125,6.0,7.875,5.375],"rotation":0,"texture":"#0","tintindex":0},"south":{"uv":[3.9375,5.9375,4.875,6.875],"rotation":0,"texture":"#0","tintindex":0},"up":{"uv":[8.8125,6.0,7.875,5.375],"rotation":0,"texture":"#0","tintindex":0},"west":{"uv":[8.8125,6.0,7.875,5.375],"rotation":0,"texture":"#0","tintindex":0}}},{"name":"cube","from":[6.1916,6.515815,1.7131644],"to":[10.7984,11.980615,5.6335645],"rotation":{"angle":-22.5,"axis":"x","origin":[8.594,9.248215,4.8283644]},"faces":{"down":{"uv":[3.1875,5.4375,2.125,6.375],"rotation":0,"texture":"#0","tintindex":0},"east":{"uv":[4.25,4.625,5.1875,5.9375],"rotation":0,"texture":"#0","tintindex":0},"north":{"uv":[1.125,4.125,2.1875,5.4375],"rotation":0,"texture":"#0","tintindex":0},"south":{"uv":[2.1875,4.125,3.25,5.4375],"rotation":0,"texture":"#0","tintindex":0},"up":{"uv":[2.125,6.375,1.0625,5.4375],"rotation":0,"texture":"#0","tintindex":0},"west":{"uv":[4.8125,1.25,5.75,2.5625],"rotation":0,"texture":"#0","tintindex":0}}},{"name":"cube","from":[6.2707996,5.6283956,8.505789],"to":[10.8908,9.889596,11.462588],"rotation":{"angle":0.0,"axis":"x","origin":[8.5808,7.605995,9.984188]},"faces":{"down":{"uv":[8.25,4.0,7.125,4.6875],"rotation":0,"texture":"#0","tintindex":0},"east":{"uv":[2.4375,6.375,3.125,7.625],"rotation":0,"texture":"#0","tintindex":0},"north":{"uv":[3.5625,3.375,4.6875,4.625],"rotation":0,"texture":"#0","tintindex":0},"south":{"uv":[0.0,3.8125,1.125,5.0625],"rotation":0,"texture":"#0","tintindex":0},"up":{"uv":[7.875,6.0625,6.75,5.375],"rotation":0,"texture":"#0","tintindex":0},"west":{"uv":[5.9375,6.5,6.625,7.75],"rotation":0,"texture":"#0","tintindex":0}}},{"name":"cube","from":[6.2707996,6.4047956,9.918188],"to":[11.036,10.364796,12.756188],"rotation":{"angle":22.5,"axis":"x","origin":[8.5543995,7.790796,12.096189]},"faces":{"down":{"uv":[8.4375,0.0,7.3125,0.6875],"rotation":0,"texture":"#0","tintindex":0},"east":{"uv":[2.1875,7.625,2.875,8.5625],"rotation":0,"texture":"#0","tintindex":0},"north":{"uv":[5.1875,4.5,6.3125,5.4375],"rotation":0,"texture":"#0","tintindex":0},"south":{"uv":[5.375,0.0,6.5,0.9375],"rotation":0,"texture":"#0","tintindex":0},"up":{"uv":[8.25,5.375,7.125,4.6875],"rotation":0,"texture":"#0","tintindex":0},"west":{"uv":[7.625,6.0625,8.3125,7.0],"rotation":0,"texture":"#0","tintindex":0}}},{"name":"cube","from":[6.8647995,9.65046,11.52439],"to":[10.2439995,11.725261,12.89719],"rotation":{"angle":45.0,"axis":"x","origin":[8.561001,8.572096,7.1046314]},"faces":{"down":{"uv":[10.9375,0.6875,10.125,1.0],"rotation":0,"texture":"#0","tintindex":0},"east":{"uv":[4.875,5.9375,5.1875,6.625],"rotation":0,"texture":"#0","tintindex":0},"north":{"uv":[3.75,8.125,4.5625,8.8125],"rotation":0,"texture":"#0","tintindex":0},"south":{"uv":[6.25,8.125,7.0625,8.8125],"rotation":0,"texture":"#0","tintindex":0},"up":{"uv":[10.9375,0.6875,10.125,0.375],"rotation":0,"texture":"#0","tintindex":0},"west":{"uv":[4.5625,6.875,4.875,7.5625],"rotation":0,"texture":"#0","tintindex":0}}}],"display":{"head":{"translation":[0.0,-6.4,0.0],"rotation":[0.0,0.0,0.0],"scale":[3.8095,3.8095,3.8095]}}}