{"textures":{"0":"modelengine:entity/giraffe"},"elements":[{"name":"upperbody","from":[5.451505,3.975978,4.7095947],"to":[10.871645,9.008966,9.483707],"rotation":{"angle":0.0,"axis":"x","origin":[8.2337265,-8.925378,12.4526825]},"faces":{"down":{"uv":[6.25,3.25,5.6875,3.75],"rotation":0,"texture":"#0","tintindex":0},"east":{"uv":[5.9375,5.8125,6.4375,6.3125],"rotation":0,"texture":"#0","tintindex":0},"north":{"uv":[5.25,2.75,5.8125,3.25],"rotation":0,"texture":"#0","tintindex":0},"south":{"uv":[3.125,2.4375,4.0,3.125],"rotation":0,"texture":"#0","tintindex":0},"up":{"uv":[1.5625,6.1875,1.0,5.6875],"rotation":0,"texture":"#0","tintindex":0},"west":{"uv":[3.125,2.4375,4.0,3.125],"rotation":0,"texture":"#0","tintindex":0}}},{"name":"upperbody","from":[5.997751,6.9717846,3.7659972],"to":[7.7806854,10.314495,5.700424],"rotation":{"angle":22.5,"axis":"x","origin":[8.3908415,1.9221525,6.8786983]},"faces":{"down":{"uv":[7.6875,6.5,7.5,6.6875],"rotation":0,"texture":"#0","tintindex":0},"east":{"uv":[2.875,7.3125,3.0625,7.6875],"rotation":0,"texture":"#0","tintindex":0},"north":{"uv":[2.6875,7.3125,2.875,7.6875],"rotation":0,"texture":"#0","tintindex":0},"south":{"uv":[3.0625,7.3125,3.25,7.6875],"rotation":0,"texture":"#0","tintindex":0},"up":{"uv":[7.6875,6.5,7.5,6.3125],"rotation":0,"texture":"#0","tintindex":0},"west":{"uv":[5.375,7.3125,5.5625,7.6875],"rotation":0,"texture":"#0","tintindex":0}}},{"name":"upperbody","from":[6.339171,9.144354,7.6562376],"to":[7.521515,11.83026,8.99037],"rotation":{"angle":22.5,"axis":"x","origin":[8.163032,10.9756975,8.959913]},"faces":{"down":{"uv":[7.0625,5.9375,6.9375,6.0625],"rotation":0,"texture":"#0","tintindex":0},"east":{"uv":[1.5,2.1875,1.625,2.4375],"rotation":0,"texture":"#0","tintindex":0},"north":{"uv":[1.5,1.9375,1.625,2.1875],"rotation":0,"texture":"#0","tintindex":0},"south":{"uv":[1.375,2.8125,1.5,3.0625],"rotation":0,"texture":"#0","tintindex":0},"up":{"uv":[7.0625,5.9375,6.9375,5.8125],"rotation":0,"texture":"#0","tintindex":0},"west":{"uv":[1.375,3.0625,1.5,3.3125],"rotation":0,"texture":"#0","tintindex":0}}},{"name":"upperbody","from":[8.545378,6.868234,3.7659972],"to":[10.328312,10.210943,5.700424],"rotation":{"angle":22.5,"axis":"x","origin":[11.238468,1.8186017,6.8786983]},"faces":{"down":{"uv":[7.6875,6.6875,7.5,6.875],"rotation":0,"texture":"#0","tintindex":0},"east":{"uv":[7.3125,5.8125,7.5,6.1875],"rotation":0,"texture":"#0","tintindex":0},"north":{"uv":[5.5625,7.3125,5.75,7.6875],"rotation":0,"texture":"#0","tintindex":0},"south":{"uv":[7.3125,6.1875,7.5,6.5625],"rotation":0,"texture":"#0","tintindex":0},"up":{"uv":[6.8125,7.6875,6.625,7.5],"rotation":0,"texture":"#0","tintindex":0},"west":{"uv":[7.3125,6.5625,7.5,6.9375],"rotation":0,"texture":"#0","tintindex":0}}},{"name":"upperbody","from":[8.804548,9.071135,7.729457],"to":[9.986892,11.757036,9.06359],"rotation":{"angle":22.5,"axis":"x","origin":[8.163032,10.9756975,8.959913]},"faces":{"down":{"uv":[3.625,7.0625,3.5,7.1875],"rotation":0,"texture":"#0","tintindex":0},"east":{"uv":[0.75,3.5,0.875,3.75],"rotation":0,"texture":"#0","tintindex":0},"north":{"uv":[3.0,3.375,3.125,3.625],"rotation":0,"texture":"#0","tintindex":0},"south":{"uv":[0.75,3.75,0.875,4.0],"rotation":0,"texture":"#0","tintindex":0},"up":{"uv":[7.0625,6.1875,6.9375,6.0625],"rotation":0,"texture":"#0","tintindex":0},"west":{"uv":[3.875,4.5,4.0,4.75],"rotation":0,"texture":"#0","tintindex":0}}},{"name":"upperbody","from":[8.654549,11.14507,8.15474],"to":[10.136892,12.480975,9.488873],"rotation":{"angle":-22.5,"axis":"x","origin":[8.163032,11.729634,8.785196]},"faces":{"down":{"uv":[7.75,5.25,7.625,5.375],"rotation":0,"texture":"#0","tintindex":0},"east":{"uv":[1.4375,7.5625,1.5625,7.6875],"rotation":0,"texture":"#0","tintindex":0},"north":{"uv":[4.875,7.5,5.0,7.625],"rotation":0,"texture":"#0","tintindex":0},"south":{"uv":[6.5,7.5625,6.625,7.6875],"rotation":0,"texture":"#0","tintindex":0},"up":{"uv":[5.3125,7.75,5.1875,7.625],"rotation":0,"texture":"#0","tintindex":0},"west":{"uv":[4.875,7.625,5.0,7.75],"rotation":0,"texture":"#0","tintindex":0}}},{"name":"upperbody","from":[6.189171,11.278293,8.081518],"to":[7.671515,12.614194,9.415651],"rotation":{"angle":-22.5,"axis":"x","origin":[8.163032,11.729634,8.785196]},"faces":{"down":{"uv":[5.0,7.375,4.875,7.5],"rotation":0,"texture":"#0","tintindex":0},"east":{"uv":[2.125,7.125,2.25,7.25],"rotation":0,"texture":"#0","tintindex":0},"north":{"uv":[6.125,7.0625,6.25,7.1875],"rotation":0,"texture":"#0","tintindex":0},"south":{"uv":[5.375,7.1875,5.5,7.3125],"rotation":0,"texture":"#0","tintindex":0},"up":{"uv":[5.875,7.4375,5.75,7.3125],"rotation":0,"texture":"#0","tintindex":0},"west":{"uv":[4.875,7.25,5.0,7.375],"rotation":0,"texture":"#0","tintindex":0}}},{"name":"upperbody","from":[5.064352,6.8796234,5.871053],"to":[11.258798,8.234659,8.581124],"rotation":{"angle":0.0,"axis":"x","origin":[8.2337265,-8.925378,12.4526825]},"faces":{"down":{"uv":[7.3125,2.9375,6.6875,3.25],"rotation":0,"texture":"#0","tintindex":0},"east":{"uv":[7.5,2.125,7.8125,2.25],"rotation":0,"texture":"#0","tintindex":0},"north":{"uv":[7.0625,2.6875,7.6875,2.8125],"rotation":0,"texture":"#0","tintindex":0},"south":{"uv":[7.0625,2.8125,7.6875,2.9375],"rotation":0,"texture":"#0","tintindex":0},"up":{"uv":[3.8125,1.6875,3.1875,1.375],"rotation":0,"texture":"#0","tintindex":0},"west":{"uv":[7.5,2.25,7.8125,2.375],"rotation":0,"texture":"#0","tintindex":0}}},{"name":"upperbody","from":[5.064352,8.234659,4.322443],"to":[6.80654,9.202541,8.581124],"rotation":{"angle":0.0,"axis":"x","origin":[8.2337265,-8.925378,12.4526825]},"faces":{"down":{"uv":[0.625,7.25,0.4375,7.6875],"rotation":0,"texture":"#0","tintindex":0},"east":{"uv":[5.8125,3.125,6.25,3.25],"rotation":0,"texture":"#0","tintindex":0},"north":{"uv":[4.6875,0.5625,4.875,0.6875],"rotation":0,"texture":"#0","tintindex":0},"south":{"uv":[5.0,5.75,5.1875,5.875],"rotation":0,"texture":"#0","tintindex":0},"up":{"uv":[5.375,7.625,5.1875,7.1875],"rotation":0,"texture":"#0","tintindex":0},"west":{"uv":[7.3125,2.5625,7.75,2.6875],"rotation":0,"texture":"#0","tintindex":0}}},{"name":"upperbody","from":[4.967564,7.934659,4.128866],"to":[6.709752,8.234659,5.871053],"rotation":{"angle":0.0,"axis":"x","origin":[8.2337265,-8.925378,12.4526825]},"faces":{"down":{"uv":[4.0625,1.1875,4.375,1.25],"rotation":0,"texture":"#0","tintindex":0},"east":{"uv":[4.0625,1.1875,4.375,1.25],"rotation":0,"texture":"#0","tintindex":0},"north":{"uv":[4.0625,1.1875,4.375,1.25],"rotation":0,"texture":"#0","tintindex":0},"south":{"uv":[4.0625,1.1875,4.375,1.25],"rotation":0,"texture":"#0","tintindex":0},"up":{"uv":[4.0625,1.1875,4.375,1.25],"rotation":0,"texture":"#0","tintindex":0},"west":{"uv":[4.0625,1.1875,4.375,1.25],"rotation":0,"texture":"#0","tintindex":0}}},{"name":"upperbody","from":[9.613398,7.934659,4.128866],"to":[11.355585,8.234659,5.871053],"rotation":{"angle":0.0,"axis":"x","origin":[8.2337265,-8.925378,12.4526825]},"faces":{"down":{"uv":[4.0625,1.1875,4.375,1.25],"rotation":0,"texture":"#0","tintindex":0},"east":{"uv":[4.0625,1.1875,4.375,1.25],"rotation":0,"texture":"#0","tintindex":0},"north":{"uv":[4.0625,1.1875,4.375,1.25],"rotation":0,"texture":"#0","tintindex":0},"south":{"uv":[4.0625,1.1875,4.375,1.25],"rotation":0,"texture":"#0","tintindex":0},"up":{"uv":[4.0625,1.1875,4.375,1.25],"rotation":0,"texture":"#0","tintindex":0},"west":{"uv":[4.0625,1.1875,4.375,1.25],"rotation":0,"texture":"#0","tintindex":0}}},{"name":"upperbody","from":[5.064352,4.5359054,4.322443],"to":[6.95654,6.8796234,8.581124],"rotation":{"angle":0.0,"axis":"x","origin":[8.2337265,-8.925378,12.4526825]},"faces":{"down":{"uv":[2.3125,7.25,2.125,7.6875],"rotation":0,"texture":"#0","tintindex":0},"east":{"uv":[6.75,5.0625,7.1875,5.3125],"rotation":0,"texture":"#0","tintindex":0},"north":{"uv":[0.8125,7.375,1.0,7.625],"rotation":0,"texture":"#0","tintindex":0},"south":{"uv":[0.1875,7.5,0.375,7.75],"rotation":0,"texture":"#0","tintindex":0},