{"textures":{"0":"modelengine:entity/giraffe"},"elements":[{"name":"leg4","from":[3.6307468,-4.054385,3.309521],"to":[7.1608953,3.7903903,7.6220098],"rotation":{"angle":-22.5,"axis":"x","origin":[9.391308,9.787508,-2.4857502]},"faces":{"down":{"uv":[7.125,0.0,6.75,0.4375],"rotation":0,"texture":"#0","tintindex":0},"east":{"uv":[4.4375,2.4375,4.875,3.25],"rotation":0,"texture":"#0","tintindex":0},"north":{"uv":[4.875,0.875,5.25,1.6875],"rotation":0,"texture":"#0","tintindex":0},"south":{"uv":[1.125,4.875,1.5,5.6875],"rotation":0,"texture":"#0","tintindex":0},"up":{"uv":[7.0625,7.0625,6.6875,6.625],"rotation":0,"texture":"#0","tintindex":0},"west":{"uv":[2.125,4.5,2.5625,5.3125],"rotation":0,"texture":"#0","tintindex":0}}},{"name":"leg5","from":[3.434627,5.367337,5.1465187],"to":[8.533731,10.6625595,10.243485],"rotation":{"angle":0.0,"axis":"x","origin":[9.391308,9.787508,-2.4857502]},"faces":{"down":{"uv":[5.1875,4.3125,5.75,4.8125],"rotation":0,"texture":"#0","tintindex":0},"east":{"uv":[5.1875,4.3125,5.75,4.8125],"rotation":0,"texture":"#0","tintindex":0},"north":{"uv":[0.875,2.8125,1.375,3.375],"rotation":0,"texture":"#0","tintindex":0},"south":{"uv":[0.5,5.1875,1.0,5.75],"rotation":0,"texture":"#0","tintindex":0},"up":{"uv":[6.25,5.3125,5.75,4.8125],"rotation":0,"texture":"#0","tintindex":0},"west":{"uv":[5.1875,3.25,5.6875,3.8125],"rotation":0,"texture":"#0","tintindex":0}}}],"display":{"head":{"translation":[0.0,-6.4,0.0],"rotation":[0.0,0.0,0.0],"scale":[3.8095,3.8095,3.8095]}}}