{"textures":{"0":"modelengine:entity/giraffe"},"elements":[{"name":"upperbody","from":[5.696065,0.24097419,0.9418738],"to":[10.310692,9.585749,5.0259027],"rotation":{"angle":-22.5,"axis":"x","origin":[7.553378,6.8633614,4.476638]},"faces":{"down":{"uv":[6.9375,5.75,6.4375,6.1875],"rotation":0,"texture":"#0","tintindex":0},"east":{"uv":[3.4375,4.5,3.875,5.3125],"rotation":0,"texture":"#0","tintindex":0},"north":{"uv":[1.125,4.0625,1.625,4.875],"rotation":0,"texture":"#0","tintindex":0},"south":{"uv":[1.625,4.0625,2.125,4.875],"rotation":0,"texture":"#0","tintindex":0},"up":{"uv":[3.125,2.4375,4.0,3.125],"rotation":0,"texture":"#0","tintindex":0},"west":{"uv":[4.375,4.5,4.8125,5.3125],"rotation":0,"texture":"#0","tintindex":0}}},{"name":"upperbody","from":[5.783968,8.337514,0.014975548],"to":[10.270353,13.592188,4.510667],"rotation":{"angle":-45.0,"axis":"x","origin":[8.10216,11.189851,0.9878206]},"faces":{"down":{"uv":[6.75,4.875,6.25,5.3125],"rotation":0,"texture":"#0","tintindex":0},"east":{"uv":[3.625,6.125,4.0625,6.6875],"rotation":0,"texture":"#0","tintindex":0},"north":{"uv":[6.5,0.5,6.9375,1.0],"rotation":0,"texture":"#0","tintindex":0},"south":{"uv":[3.125,5.3125,3.625,5.875],"rotation":0,"texture":"#0","tintindex":0},"up":{"uv":[1.0,6.1875,1.4375,6.75],"rotation":0,"texture":"#0","tintindex":0},"west":{"uv":[1.0,6.1875,1.4375,6.75],"rotation":0,"texture":"#0","tintindex":0}}},{"name":"upperbody","from":[6.2339683,12.987514,-0.88502455],"to":[9.970352,23.792187,3.160667],"rotation":{"angle":-22.5,"axis":"x","origin":[8.10216,11.189851,0.9878206]},"faces":{"down":{"uv":[5.875,6.875,5.5,7.3125],"rotation":0,"texture":"#0","tintindex":0},"east":{"uv":[4.0,1.375,4.4375,2.5],"rotation":0,"texture":"#0","tintindex":0},"north":{"uv":[4.0,3.625,4.375,4.75],"rotation":0,"texture":"#0","tintindex":0},"south":{"uv":[0.75,4.0625,1.125,5.1875],"rotation":0,"texture":"#0","tintindex":0},"up":{"uv":[7.25,1.4375,6.875,1.0],"rotation":0,"texture":"#0","tintindex":0},"west":{"uv":[4.0,2.5,4.4375,3.625],"rotation":0,"texture":"#0","tintindex":0}}},{"name":"upperbody","from":[5.9339685,8.487514,-0.88502455],"to":[10.120353,12.9921875,3.310667],"rotation":{"angle":-22.5,"axis":"x","origin":[8.10216,11.189851,0.9878206]},"faces":{"down":{"uv":[7.125,3.25,6.6875,3.6875],"rotation":0,"texture":"#0","tintindex":0},"east":{"uv":[1.8125,6.625,2.25,7.125],"rotation":0,"texture":"#0","tintindex":0},"north":{"uv":[6.5,0.5,6.9375,1.0],"rotation":0,"texture":"#0","tintindex":0},"south":{"uv":[6.625,1.9375,7.0625,2.4375],"rotation":0,"texture":"#0","tintindex":0},"up":{"uv":[3.125,2.4375,4.0,3.125],"rotation":0,"texture":"#0","tintindex":0},"west":{"uv":[6.625,2.4375,7.0625,2.9375],"rotation":0,"texture":"#0","tintindex":0}}},{"name":"upperbody","from":[5.657798,6.721116,3.8886428],"to":[10.332322,12.082497,8.300337],"rotation":{"angle":-45.0,"axis":"x","origin":[8.272596,8.473326,7.3722196]},"faces":{"down":{"uv":[6.9375,3.6875,6.4375,4.125],"rotation":0,"texture":"#0","tintindex":0},"east":{"uv":[6.25,3.125,6.6875,3.6875],"rotation":0,"texture":"#0","tintindex":0},"north":{"uv":[4.25,5.3125,4.75,5.875],"rotation":0,"texture":"#0","tintindex":0},"south":{"uv":[5.1875,5.3125,5.6875,5.875],"rotation":0,"texture":"#0","tintindex":0},"up":{"uv":[6.9375,1.9375,6.4375,1.5],"rotation":0,"texture":"#0","tintindex":0},"west":{"uv":[6.25,4.3125,6.6875,4.875],"rotation":0,"texture":"#0","tintindex":0}}}],"display":{"head":{"translation":[0.0,-6.4,0.0],"rotation":[0.0,0.0,0.0],"scale":[3.8095,3.8095,3.8095]}}}