{"textures":{"0":"modelengine:entity/giraffe"},"elements":[{"name":"leg4","from":[8.250868,-3.9572477,-2.521339],"to":[11.388779,3.1724527,0.9004507],"rotation":{"angle":-45.0,"axis":"x","origin":[5.824337,17.50703,-3.2654557]},"faces":{"down":{"uv":[6.9375,1.4375,7.25,1.8125],"rotation":0,"texture":"#0","tintindex":0},"east":{"uv":[5.1875,5.0,4.8125,5.75],"rotation":0,"texture":"#0","tintindex":0},"north":{"uv":[0.75,4.1875,0.4375,4.9375],"rotation":0,"texture":"#0","tintindex":0},"south":{"uv":[2.5625,6.0625,2.25,6.8125],"rotation":0,"texture":"#0","tintindex":0},"up":{"uv":[4.4375,3.625,4.75,3.25],"rotation":0,"texture":"#0","tintindex":0},"west":{"uv":[5.25,2.5,4.875,3.25],"rotation":0,"texture":"#0","tintindex":0}}},{"name":"leg3","from":[8.643106,-5.7728806,11.756932],"to":[11.05654,4.714582,14.429858],"rotation":{"angle":0.0,"axis":"x","origin":[5.824337,10.90703,-2.815456]},"faces":{"down":{"uv":[6.3125,2.875,6.5625,3.125],"rotation":0,"texture":"#0","tintindex":0},"east":{"uv":[5.9375,5.3125,5.6875,6.375],"rotation":0,"texture":"#0","tintindex":0},"north":{"uv":[0.25,5.625,0.0,6.6875],"rotation":0,"texture":"#0","tintindex":0},"south":{"uv":[1.8125,5.6875,1.5625,6.75],"rotation":0,"texture":"#0","tintindex":0},"up":{"uv":[0.5,5.1875,0.75,4.9375],"rotation":0,"texture":"#0","tintindex":0},"west":{"uv":[0.5,5.625,0.25,6.6875],"rotation":0,"texture":"#0","tintindex":0}}},{"name":"leg4","from":[8.250868,-7.7340736,10.800823],"to":[11.388779,-5.7728806,13.546494],"rotation":{"angle":0.0,"axis":"x","origin":[5.824337,10.90703,-3.30658]},"faces":{"down":{"uv":[1.8125,7.125,2.125,7.4375],"rotation":0,"texture":"#0","tintindex":0},"east":{"uv":[7.75,1.375,7.4375,1.5625],"rotation":0,"texture":"#0","tintindex":0},"north":{"uv":[4.375,1.1875,4.0625,1.375],"rotation":0,"texture":"#0","tintindex":0},"south":{"uv":[7.75,1.1875,7.4375,1.375],"rotation":0,"texture":"#0","tintindex":0},"up":{"uv":[7.125,0.3125,7.4375,0.0],"rotation":0,"texture":"#0","tintindex":0},"west":{"uv":[7.5,3.9375,7.1875,4.125],"rotation":0,"texture":"#0","tintindex":0}}}],"display":{"head":{"translation":[0.0,-6.4,0.0],"rotation":[0.0,0.0,0.0],"scale":[3.8095,3.8095,3.8095]}}}