{"textures":{"0":"modelengine:entity/giraffe"},"elements":[{"name":"tail","from":[6.794384,-4.8912926,4.936855],"to":[9.041404,-0.8233986,7.100629],"rotation":{"angle":45.0,"axis":"x","origin":[7.917894,-1.3573456,6.342742]},"faces":{"down":{"uv":[7.6875,0.9375,7.4375,1.1875],"rotation":0,"texture":"#0","tintindex":0},"east":{"uv":[7.0625,6.25,7.3125,6.6875],"rotation":0,"texture":"#0","tintindex":0},"north":{"uv":[5.875,7.0625,6.125,7.5],"rotation":0,"texture":"#0","tintindex":0},"south":{"uv":[6.625,7.0625,6.875,7.5],"rotation":0,"texture":"#0","tintindex":0},"up":{"uv":[7.6875,0.25,7.4375,0.0],"rotation":0,"texture":"#0","tintindex":0},"west":{"uv":[7.0625,6.6875,7.3125,7.125],"rotation":0,"texture":"#0","tintindex":0}}},{"name":"tail","from":[6.786462,2.927382,7.3120756],"to":[9.06493,8.459398,9.129469],"rotation":{"angle":0.0,"axis":"x","origin":[7.925696,4.79039,7.188772]},"faces":{"down":{"uv":[3.6875,7.5625,3.5,7.75],"rotation":0,"texture":"#0","tintindex":0},"east":{"uv":[0.8125,6.8125,1.0,7.375],"rotation":0,"texture":"#0","tintindex":0},"north":{"uv":[4.6875,0.0,4.875,0.5625],"rotation":0,"texture":"#0","tintindex":0},"south":{"uv":[6.875,7.0625,7.0625,7.625],"rotation":0,"texture":"#0","tintindex":0},"up":{"uv":[7.75,3.125,7.5625,2.9375],"rotation":0,"texture":"#0","tintindex":0},"west":{"uv":[0.0,7.125,0.1875,7.6875],"rotation":0,"texture":"#0","tintindex":0}}},{"name":"tail","from":[6.9364624,-1.0026178,7.828076],"to":[8.91493,3.8153968,9.495468],"rotation":{"angle":22.5,"axis":"x","origin":[7.925696,4.79039,7.188772]},"faces":{"down":{"uv":[6.5,7.5625,6.3125,7.75],"rotation":0,"texture":"#0","tintindex":0},"east":{"uv":[1.5625,7.1875,1.75,7.6875],"rotation":0,"texture":"#0","tintindex":0},"north":{"uv":[5.5,5.875,5.6875,6.375],"rotation":0,"texture":"#0","tintindex":0},"south":{"uv":[3.75,7.1875,3.9375,7.6875],"rotation":0,"texture":"#0","tintindex":0},"up":{"uv":[6.3125,7.75,6.125,7.5625],"rotation":0,"texture":"#0","tintindex":0},"west":{"uv":[5.0,7.1875,5.1875,7.6875],"rotation":0,"texture":"#0","tintindex":0}}}],"display":{"head":{"translation":[0.0,-6.4,0.0],"rotation":[0.0,0.0,0.0],"scale":[3.8095,3.8095,3.8095]}}}