{"textures":{"0":"modelengine:entity/giraffe"},"elements":[{"name":"upperbody","from":[4.159349,4.2759686,6.281193],"to":[11.808004,11.016424,14.518206],"rotation":{"angle":0.0,"axis":"x","origin":[7.983677,8.130072,10.399699]},"faces":{"down":{"uv":[1.625,1.0625,0.8125,1.9375],"rotation":0,"texture":"#0","tintindex":0},"east":{"uv":[0.0,2.8125,0.875,3.5],"rotation":0,"texture":"#0","tintindex":0},"north":{"uv":[0.875,3.375,1.6875,4.0625],"rotation":0,"texture":"#0","tintindex":0},"south":{"uv":[5.1875,4.3125,5.75,4.8125],"rotation":0,"texture":"#0","tintindex":0},"up":{"uv":[0.8125,1.9375,0.0,1.0625],"rotation":0,"texture":"#0","tintindex":0},"west":{"uv":[3.0625,0.0,3.9375,0.6875],"rotation":0,"texture":"#0","tintindex":0}}},{"name":"upperbody","from":[3.9632294,3.458753,-0.0024795532],"to":[12.004124,11.604784,7.06567],"rotation":{"angle":0.0,"axis":"x","origin":[7.7625966,10.549385,1.5905107]},"faces":{"down":{"uv":[3.125,2.625,2.3125,3.375],"rotation":0,"texture":"#0","tintindex":0},"east":{"uv":[1.625,1.75,2.375,2.625],"rotation":0,"texture":"#0","tintindex":0},"north":{"uv":[3.125,1.75,4.0,2.4375],"rotation":180,"texture":"#0","tintindex":0},"south":{"uv":[1.625,0.875,2.4375,1.75],"rotation":0,"texture":"#0","tintindex":0},"up":{"uv":[2.3125,3.375,1.5,2.625],"rotation":0,"texture":"#0","tintindex":0},"west":{"uv":[0.0,1.9375,0.75,2.8125],"rotation":0,"texture":"#0","tintindex":0}}},{"name":"upperbody","from":[4.4593487,7.125969,3.8811922],"to":[11.508004,13.866425,12.118206],"rotation":{"angle":22.5,"axis":"x","origin":[7.983677,7.588983,6.965647]},"faces":{"down":{"uv":[3.1875,0.875,2.4375,1.75],"rotation":0,"texture":"#0","tintindex":0},"east":{"uv":[3.125,3.125,4.0,3.8125],"rotation":0,"texture":"#0","tintindex":0},"north":{"uv":[3.25,3.8125,4.0,4.5],"rotation":0,"texture":"#0","tintindex":0},"south":{"uv":[5.1875,4.3125,5.75,4.8125],"rotation":0,"texture":"#0","tintindex":0},"up":{"uv":[3.125,2.625,2.375,1.75],"rotation":0,"texture":"#0","tintindex":0},"west":{"uv":[3.1875,0.6875,4.0625,1.375],"rotation":0,"texture":"#0","tintindex":0}}},{"name":"upperbody","from":[4.4593487,7.667913,-0.04705763],"to":[11.508004,18.00837,2.6099563],"rotation":{"angle":22.5,"axis":"x","origin":[7.983677,13.438141,0.4414494]},"faces":{"down":{"uv":[3.125,1.75,4.0,2.4375],"rotation":0,"texture":"#0","tintindex":0},"east":{"uv":[3.75,1.8125,4.0,2.4375],"rotation":0,"texture":"#0","tintindex":0},"north":{"uv":[3.125,1.75,4.0,2.4375],"rotation":180,"texture":"#0","tintindex":0},"south":{"uv":[0.75,0.0,1.5,1.0625],"rotation":0,"texture":"#0","tintindex":0},"up":{"uv":[7.4375,4.375,6.6875,4.125],"rotation":0,"texture":"#0","tintindex":0},"west":{"uv":[3.75,1.8125,4.0,2.4375],"rotation":0,"texture":"#0","tintindex":0}}},{"name":"upperbody","from":[4.2632294,9.555023,-0.47921395],"to":[11.7041235,16.411053,7.6989355],"rotation":{"angle":45.0,"axis":"x","origin":[7.983677,10.913038,2.5148609]},"faces":{"down":{"uv":[3.0625,0.0,2.3125,0.875],"rotation":0,"texture":"#0","tintindex":0},"east":{"uv":[3.125,1.75,4.0,2.4375],"rotation":0,"texture":"#0","tintindex":0},"north":{"uv":[3.125,2.4375,4.0,3.125],"rotation":0,"texture":"#0","tintindex":0},"south":{"uv":[2.5,3.8125,3.25,4.5],"rotation":0,"texture":"#0","tintindex":0},"up":{"uv":[1.5,2.8125,0.75,1.9375],"rotation":0,"texture":"#0","tintindex":0},"west":{"uv":[3.125,2.4375,4.0,3.125],"rotation":0,"texture":"#0","tintindex":0}}}],"display":{"head":{"translation":[0.0,-6.4,0.0],"rotation":[0.0,0.0,0.0],"scale":[3.8095,3.8095,3.8095]}}}